year,month,day,doy,tmin,tmax,wind,rain
2017,1,1,1,23.693217970109863,34.033991914960026,0.6293890618462844,3.4335005022704617
2017,1,2,2,22.64721624954498,32.28813693032759,0.4818135926365067,2.8239858446526895
2017,1,3,3,23.551791643530603,30.488304338944346,0.5585610846050126,0.033158899121885625
2017,1,4,4,23.50477413579028,33.58559562225918,0.32090148716536365,8.522194166099125
2017,1,5,5,22.992274443355054,31.269178180570037,0.5285355454785094,1.355729463831735
2017,1,6,6,23.682423663715607,33.09018178094999,0.644238623983481,0.6681104385636362
2017,1,7,7,22.92894046336106,33.98186032424897,0.6608908826896562,33.7023484120761
2017,1,8,8,23.836312170725222,35.565642188708,0.4269661627668674,0.0
2017,1,9,9,23.792824788124477,33.04200859742736,0.4423389137736213,0.0
2017,1,10,10,22.871758731155495,32.147262817106316,0.42881361152192743,4.361550697944109
2017,1,11,11,22.919353288133383,32.86477514433058,0.39848276123391935,8.540453249148442
2017,1,12,12,22.62717120146549,30.47808439935944,0.37870160059644276,0.8302172043340227
2017,1,13,13,23.613306991133868,32.62694162891549,0.748146344558653,1.8794456798686099
2017,1,14,14,22.999808305241228,31.390330353974555,0.4417955112044399,11.20418173893798
2017,1,15,15,23.937704207405407,34.96885154677652,0.6019317889408213,4.291382964699866
2017,1,16,16,23.000849548921167,32.990067479937004,0.32541060855852816,0.0
2017,1,17,17,23.639848998051587,33.608755973791055,0.5473520136161754,0.7366302537817752
2017,1,18,18,23.449927720575513,31.64004979199447,0.4822841647338465,24.178491273834513
2017,1,19,19,23.197125887347035,30.18897744988179,0.4708184257286939,3.4342725099538716
2017,1,20,20,23.56104670166117,33.621577608654,0.538993084469153,1.764780954571053
2017,1,21,21,22.7106329156181,32.68819555977859,0.5413143549710577,0.0
2017,1,22,22,23.583663772576045,32.11578556479528,0.5711170246755488,0.0
2017,1,23,23,22.750850720668552,32.299750070943325,0.5355484182983923,0.0
2017,1,24,24,23.18320153486688,34.32784680981883,0.44001400237540017,0.0
2017,1,25,25,23.41999076680859,30.97330360608707,0.5303144059678195,0.0
2017,1,26,26,23.83463778773116,32.20576183237493,0.7034842969803357,0.0
2017,1,27,27,22.994685005019303,34.96955688325901,0.6332874702093128,0.3083331790445692
2017,1,28,28,23.440436474662604,34.366965722871825,0.7247073116284638,5.7937721695667
2017,1,29,29,23.87990095232256,33.788683496873894,0.7066901122917747,0.0
2017,1,30,30,22.87670435428252,31.659124392937134,0.7166615497080714,9.067468971424024
2017,1,31,31,22.653075200111918,32.86198109254236,0.46088680166545987,0.0
2017,2,1,32,22.905949612454855,28.99927583521169,0.5991775755487746,0.2558305655483764
2017,2,2,33,23.16493332616547,31.665848417051034,0.5930797533082317,0.0
2017,2,3,34,21.660528839417623,34.317421644523776,0.5872060552755457,1.0362985806203313
2017,2,4,35,22.373502640962624,32.69134528265,0.6139896261278693,1.355214043670949
2017,2,5,36,23.14892490394389,34.137526776352566,0.5167582981516915,0.0
2017,2,6,37,23.294701686615166,31.006776059918373,0.6147227088729508,0.022238766062822383
2017,2,7,38,22.893314827995326,33.5258122426478,0.4322669119226633,3.411128650911398
2017,2,8,39,24.24352979380796,28.149804503974636,0.589550898648333,0.0
2017,2,9,40,25.01641724384567,31.80984119730194,0.4843813667575478,7.221971332893746
2017,2,10,41,24.743696068792715,29.66295307208661,0.4699044168682164,4.8215118869615345
2017,2,11,42,24.341945328123057,32.281263757930596,0.645745590564461,0.0
2017,2,12,43,21.951045375337053,30.772458792537034,0.6359676411707074,0.0
2017,2,13,44,23.26988448550409,31.396849536862234,0.5813489062533734,0.0
2017,2,14,45,22.329703172522198,30.652851712078995,0.271215606545326,0.3245641960938284
2017,2,15,46,23.23234604553531,31.7419215808599,0.45507960511565615,0.0010011306338380272
2017,2,16,47,23.050101219605715,26.769473549448378,0.5622117222206863,18.02532027767659
2017,2,17,48,23.598515218794926,31.64529334705784,0.5686172477097349,0.0
2017,2,18,49,22.761149508126664,32.95963656988464,0.5736758633645123,0.10959976381888463
2017,2,19,50,23.974720954888156,28.605279033624356,0.6441537932245139,0.0
2017,2,20,51,23.456048160972028,29.867360647039202,0.5241829937007542,1.3466591717902037
2017,2,21,52,23.897079246152323,28.81093656769072,0.5839887438816186,14.239544473353847
2017,2,22,53,23.126851752331167,32.72933824805341,0.6032357414218941,3.032202731663763
2017,2,23,54,24.214669519353144,34.58531397339511,0.5092338105368587,0.6686988781318525
2017,2,24,55,23.14660349017132,34.06555328198667,0.6662540325788461,2.200270204601794
2017,2,25,56,22.462005209267133,31.773268278472855,0.5810684440852207,0.0
2017,2,26,57,22.62016869033818,28.141658538613804,0.6540077716355545,0.0
2017,2,27,58,24.291480620639383,32.30354046453516,0.6864158084090299,0.0
2017,2,28,59,23.48354042579344,29.5015269657571,0.6615205887494768,0.5217866898690278
2017,3,1,60,23.439311359246258,34.48680182156117,0.6048514945996236,6.05701997652385
2017,3,2,61,23.335621421614814,34.818794216047394,0.621455017363575,0.0
2017,3,3,62,23.468319493529737,33.6675803118553,0.6718577971910056,0.0
2017,3,4,63,21.67678031675491,31.706770248157344,0.7760978280677618,0.0
2017,3,5,64,23.237140453582995,33.67893778483883,0.6472243318645171,0.0
2017,3,6,65,23.183076012688012,32.71135945986201,0.5446352709502108,0.0
2017,3,7,66,22.884886945105297,34.10677873659329,0.5540035083778626,2.8454689775438955
2017,3,8,67,23.146101827792304,33.03226808580457,0.5621531502480718,0.589726142414438
2017,3,9,68,23.2755211051941,31.61949453827912,0.5581487490880553,2.8924004303886792
2017,3,10,69,23.921433743988775,31.75566122560266,0.4390200814476547,0.0
2017,3,11,70,22.956992592700715,32.51179827175717,0.5035699362532355,0.0
2017,3,12,71,22.652980365946505,32.607212487511205,0.5331645585873748,0.0
2017,3,13,72,23.35613453802335,32.54482352111078,0.2783486519630668,3.7415089638915346
2017,3,14,73,22.06655568730565,33.523983823260494,0.5105974624444227,0.0
2017,3,15,74,23.59727237880486,33.08940448506522,0.5331002756977992,5.014014694179438
2017,3,16,75,23.517822853546075,31.743421623995083,0.6083629044934903,0.0
2017,3,17,76,23.72064518538465,32.46677868104466,0.5946977051136265,0.0
2017,3,18,77,23.626718876335673,33.39803789717671,0.596412666014955,0.0
2017,3,19,78,21.555921439438663,32.0723566168412,0.5617249489462293,7.059060277770558
2017,3,20,79,21.836059845544106,32.75643892834873,0.6353856780788509,0.0
2017,3,21,80,22.922648049226797,32.82374505510704,0.6229871473534552,0.0
2017,3,22,81,21.968626125581107,31.472060539980973,0.6490581217980345,0.0
2017,3,23,82,22.99664098730089,34.63805836422472,0.6104444856491674,1.051565154220443
2017,3,24,83,22.990616587880695,32.29009319424115,0.6755786143429975,17.915193807719323
2017,3,25,84,22.6197916034522,34.77542248732031,0.5544061863593303,8.902855331209443
2017,3,26,85,23.629606047000344,33.35739028937234,0.6008629726532884,0.0
2017,3,27,86,23.79032235930476,34.41614216373208,0.7247125590331911,0.0
2017,3,28,87,23.53640851653233,32.83298722194598,0.6673626283432386,10.709908940156726
2017,3,29,88,23.43213225702201,34.864607162726045,0.627698615438061,3.600935045284111
2017,3,30,89,23.57213291951049,32.75853341468589,0.6249219964679174,6.016717796320692
2017,3,31,90,23.237904617827272,31.03675336583421,0.6762178774776922,1.758107437961454
2017,4,1,91,23.692490377353153,32.32897781697449,0.3825879291774867,2.5922188765846625
2017,4,2,92,22.750442249317917,32.57093376584523,0.5505543457518844,0.5032228879425389
2017,4,3,93,23.554294604935688,33.63868616068221,0.7165892607146068,0.0
2017,4,4,94,23.526616324394535,33.383093672867616,0.5681358172802772,2.2307518324882434
2017,4,5,95,22.568971454743878,31.530355794124556,0.547622769266298,5.783633589727302
2017,4,6,96,23.039181886952786,31.530195377393117,0.5266749807071164,0.05810825752647097
2017,4,7,97,22.77951104833803,33.17453936932382,0.6707641404315852,0.0
2017,4,8,98,22.157550239551547,32.73910547259463,0.5289126140961439,0.0
2017,4,9,99,23.38757961479679,32.171451484936306,0.6963978634127701,13.11416404674981
2017,4,10,100,23.452821952580646,33.94637411995808,0.7232511346525301,0.0
2017,4,11,101,23.40452939676672,31.475033828943463,0.4771659281366859,3.4406990981339804
2017,4,12,102,23.752145532975877,34.4375198133174,0.48793696109022205,0.0
2017,4,13,103,23.021035775399316,34.734153248818096,0.43832613868172265,0.0
2017,4,14,104,23.23701425074879,35.143579445416435,0.5435116450411307,0.0
2017,4,15,105,23.178505618038404,32.864158274334144,0.5844682785070253,0.0
2017,4,16,106,22.673914903864965,31.542683223647707,0.4567728596270768,33.00258444980753
2017,4,17,107,22.298580056053,31.862995038474345,0.520314640015858,0.15444985975536327
2017,4,18,108,23.233378431342615,33.293544847889706,0.4138477810814337,0.0
2017,4,19,109,23.71899453770722,32.79006533176142,0.5783978832673351,0.0
2017,4,20,110,23.040953705516632,31.044840468403414,0.5767028644676127,0.043366293042419846
2017,4,21,111,22.60856652081685,32.583183148547256,0.48035853109690546,0.0
2017,4,22,112,23.793311373659776,34.41958645904402,0.662111097922973,2.445713896989227
2017,4,23,113,23.75104748199569,33.65032278541762,0.38895275521031475,0.06247734635544059
2017,4,24,114,22.564790577662244,32.16980303955227,0.564894665714789,0.5810277787264604
2017,4,25,115,23.196334939149324,31.67201594819383,0.6276816944799501,0.0
2017,4,26,116,22.758189716105495,32.199296348599546,0.4056797943907022,3.8647597622332746
2017,4,27,117,23.782529131390948,30.95633590439488,0.5998727558131524,0.0
2017,4,28,118,23.0483468259089,33.95168358341387,0.5459800314464591,1.7113250637035564
2017,4,29,119,22.499482442149986,31.479816250017265,0.4696986294363919,3.0972334838564697
2017,4,30,120,24.21124786367061,33.12023160671017,0.35798053797131496,29.86939254673169
2017,5,1,121,24.06961214749088,33.195951006687885,0.6364362977595791,0.6520794806574262
2017,5,2,122,23.848145198431688,32.8007879297168,0.6142061840396956,0.0
2017,5,3,123,24.0627780417422,29.821202054283145,0.6565097001014603,0.0
2017,5,4,124,24.23896984835383,33.67552998308873,0.6695584205707992,4.853699510071022
2017,5,5,125,23.476733948411972,30.412295319242872,0.5402500415105722,0.0
2017,5,6,126,24.287548361685673,31.107852200690438,0.6420837783270742,9.422693659218751
2017,5,7,127,23.77339302176215,33.9916649927145,0.4010172212916442,0.0
2017,5,8,128,24.025161191553302,32.047478105499955,0.703445352618802,0.0
2017,5,9,129,23.757088749563344,31.180890408246913,0.4957242941600162,0.014350370224178188
2017,5,10,130,24.432124770772575,32.398085778871064,0.6992108366156722,2.0496158879184976
2017,5,11,131,24.611454607547152,33.10194099811517,0.5721568624211827,0.015898340012242
2017,5,12,132,23.186875088306017,28.60194726512599,0.4387454603579627,0.0
2017,5,13,133,23.38464676539691,34.09204576924423,0.378826843864383,1.2705332273666292
2017,5,14,134,24.34683528192519,31.300943553541277,0.5408372675598925,0.1407589943237227
2017,5,15,135,23.99944676975506,34.78309685282507,0.4800204298967363,0.16540218842177032
2017,5,16,136,22.96059014429307,31.718633364360226,0.5929208342440165,4.415407521772918
2017,5,17,137,24.12658496713381,33.52738680587818,0.3356390967574966,0.0
2017,5,18,138,23.308001415382847,32.27992267896574,0.5619345792877377,0.0
2017,5,19,139,23.826162794143084,32.31960667802579,0.7542311053423837,0.7513475930215426
2017,5,20,140,24.056045050906373,31.05735057069502,0.5582492922504123,0.0
2017,5,21,141,24.38171948976808,33.32605521708299,0.5574388584424568,13.092681856077302
2017,5,22,142,23.459990440036115,31.673697812374343,0.6647964697422832,2.179644777709963
2017,5,23,143,23.847518256751712,32.21968585172408,0.5331392017394585,0.330607923521965
2017,5,24,144,24.399048607093544,32.29157927751876,0.4967163636181915,0.877409078657971
2017,5,25,145,23.364510690227466,33.41161710708256,0.5083661070858592,17.181625890681463
2017,5,26,146,23.960452100141175,34.73625148938566,0.5263835509363582,1.33234243506161
2017,5,27,147,24.501054909717716,32.789832294468084,0.7254099779641592,1.1642154172346306
2017,5,28,148,23.861122639729988,31.068610919117344,0.4292807215252736,1.035637199368624
2017,5,29,149,24.12711112138144,32.95348625792294,0.6131992969441671,0.0
2017,5,30,150,23.79180036094213,31.537249926185375,0.6251440510064561,0.0
2017,5,31,151,24.379992974369628,32.07061430798487,0.6813366960152654,0.0
2017,6,1,152,24.624783488110356,33.2431786438778,0.452193705447099,0.0
2017,6,2,153,24.503034851071558,34.011306584373465,0.4932441931112752,0.0
2017,6,3,154,23.323974575518793,31.585429026609777,0.4103794707789771,9.119060774373267
2017,6,4,155,22.651069764269568,33.613053762703416,0.6181984975058522,0.296402020148606
2017,6,5,156,23.135475435867868,32.484235849294656,0.4557011913941903,0.0
2017,6,6,157,23.356071837196627,32.12611397866311,0.6626215391791876,0.0
2017,6,7,158,23.408793811368255,32.92355511887345,0.6602197704978615,0.0
2017,6,8,159,23.33839182001115,32.20046495989813,0.5810579531657304,15.93924658965657
2017,6,9,160,22.894304149864677,32.94472388337935,0.6551347086345193,0.0
2017,6,10,161,23.178022115318267,35.20877798533732,0.4627143864424471,0.0
2017,6,11,162,24.396482939939478,28.830290331084015,0.561200237436798,0.0
2017,6,12,163,25.062839244587877,32.525720067148804,0.4439250186793698,0.0
2017,6,13,164,21.972359139562577,33.9249163980277,0.5324753193176428,3.5232747873926904
2017,6,14,165,22.772868000240813,33.22319552587728,0.4685189912371136,0.0
2017,6,15,166,23.012521110087384,31.876234455426253,0.4966198087419422,0.5916829220012332
2017,6,16,167,24.109012617687522,29.938545062448043,0.6415007388582653,6.88098818965597
2017,6,17,168,23.367121790244745,32.687362759858246,0.5871567544583728,0.6473366235954519
2017,6,18,169,22.726412609242423,32.11398248591701,0.7813088754019033,0.0
2017,6,19,170,23.30723484212857,32.10835783433498,0.6430342268028628,1.7558835199308633
2017,6,20,171,24.140132893340102,31.656109064840916,0.5562856215548756,1.9296729246366697
2017,6,21,172,24.22608587038251,29.315199322673443,0.2681345665989382,0.0
2017,6,22,173,24.069111106997408,34.279466748533224,0.3708792104602525,0.6046744781898878
2017,6,23,174,21.546915797603184,32.7603066407754,0.5900600333716729,0.0
2017,6,24,175,22.77625576093275,33.30018858321252,0.5219390387105324,4.947551657513706
2017,6,25,176,23.380497734771616,33.11718197651144,0.45315604092716133,0.5437743285604861
2017,6,26,177,23.947408145599006,30.935741047207454,0.6330609068396615,0.0
2017,6,27,178,23.991045064104796,34.78887646400775,0.4858001202613018,1.5480828186792186
2017,6,28,179,23.019176579503167,30.758493758857767,0.7633745086062077,0.0
2017,6,29,180,23.618355406261735,34.376111140157654,0.40927651423328537,0.0
2017,6,30,181,22.365769455416455,29.839835335061117,0.40405868328269473,0.0
2017,7,1,182,23.209022033501128,31.91031631807559,0.5424800392766055,0.0
2017,7,2,183,23.051840662256367,32.454799841310376,0.6761916310397929,0.0
2017,7,3,184,23.5246104932851,30.15805747378504,0.7683545523644786,5.881601955273141
2017,7,4,185,22.97581166895587,31.49104885670344,0.7845780703918892,0.0
2017,7,5,186,23.253143514364588,31.03704826360771,0.3566065710016461,0.0
2017,7,6,187,23.08101153477766,31.787370021031567,0.6312446078947295,0.0
2017,7,7,188,23.759447532945746,32.0971192944734,0.5893527384554642,6.493877528588485
2017,7,8,189,22.688080081600447,31.18331506268553,0.6247013892251427,0.15029304621137937
2017,7,9,190,22.532881894048366,30.894040808896538,0.4192827396434049,2.2591111544530458
2017,7,10,191,22.746362045340575,32.1867936868657,0.6142155449163627,1.286867279538941
2017,7,11,192,23.4930942148343,32.56071566665949,0.5275794033190154,0.0
2017,7,12,193,22.625460366217126,32.370122217107586,0.5474353059600954,0.0
2017,7,13,194,23.22175219714778,32.242035255917855,0.2592038097144181,5.003884344852866
2017,7,14,195,22.73066394546089,33.36066661700833,0.599682421888497,0.7949750411942167
2017,7,15,196,22.2757751150322,30.777320813237456,0.6448293799325703,0.0
2017,7,16,197,23.147649661938193,31.553765135546016,0.5424984632092793,0.9805281854377984
2017,7,17,198,23.537872691457657,30.98805964152858,0.629151554124621,0.0
2017,7,18,199,23.578614684522247,32.17838876009506,0.6782909886424543,6.734218867603676
2017,7,19,200,22.79757801734735,30.632475386602614,0.6689693533318187,0.0
2017,7,20,201,22.444704456333042,32.19929136772017,0.7075368630083861,0.0
2017,7,21,202,23.44616720113253,32.58325240488941,0.38645514497839406,0.0
2017,7,22,203,23.624207639298756,31.77928359779033,0.6036547497874359,0.2748467790486473
2017,7,23,204,23.225177528703647,32.719334141182564,0.7572322549440867,0.0
2017,7,24,205,23.110995977615023,30.27002000057511,0.7143934566093794,0.0
2017,7,25,206,23.643510885979037,31.447016813123252,0.8662950403753539,0.0
2017,7,26,207,23.20129418308909,28.633617544108414,0.802278130952171,0.0
2017,7,27,208,22.51454181558483,30.914737530110397,0.4939617038812403,0.0
2017,7,28,209,23.34532918185696,30.7777178941289,0.781198675473114,0.0
2017,7,29,210,23.22256176956353,31.358708354573753,0.3302389657543947,0.0
2017,7,30,211,23.12072897903364,30.243721609799227,0.46047598830806785,0.0
2017,7,31,212,22.42896329109776,30.645152658725372,0.6149623486263296,0.0
2017,8,1,213,22.016119610909207,31.48987832562778,0.6464263753667504,26.560285787761863
2017,8,2,214,22.754928591152566,33.42073636446426,0.5326462072325159,0.0
2017,8,3,215,23.033766256933383,32.481518523705255,0.6255558284181226,1.4090633510750736
2017,8,4,216,22.412229525397336,31.872468730158406,0.5937478351147804,0.0
2017,8,5,217,22.670266571583753,31.57377942174896,0.4985410096283603,0.0
2017,8,6,218,22.63189660101939,30.38847032529544,0.6352415598556519,0.0
2017,8,7,219,23.35656637960879,29.721456643546784,0.5583300251854252,0.0
2017,8,8,220,23.91200252870665,30.953213024114973,0.5475550931039136,0.0
2017,8,9,221,23.379869296923374,30.95144815547524,0.5156206794173859,2.100118513636197
2017,8,10,222,22.55954169827734,31.61432530765584,0.40707610831355767,0.0
2017,8,11,223,22.69620254024537,28.521924093815755,0.47861076939822544,0.119393215198133
2017,8,12,224,23.06276419701612,30.511147955801952,0.6075212953328407,0.0
2017,8,13,225,22.87451573763681,31.07674245191115,0.5412043998991316,17.376300082878437
2017,8,14,226,22.98188133204485,29.92176078359621,0.5142497570150487,0.0
2017,8,15,227,24.165939570478763,31.603515906563302,0.4724200684933361,3.309322375739854
2017,8,16,228,23.319520971468137,31.82771036555633,0.36183170601039594,0.0
2017,8,17,229,23.13873725084447,32.000324772732505,0.5290551226305201,22.44160789310365
2017,8,18,230,22.67613000395977,30.848784740964142,0.41592265289129077,7.303290339013581
2017,8,19,231,22.825507663306396,31.65322879042317,0.6641454708488006,0.0
2017,8,20,232,22.32502800734701,29.954724797168257,0.8325867076229151,2.2887784550185315
2017,8,21,233,23.248218627348635,28.97841148618832,0.5457829762607529,0.00223519527447127
2017,8,22,234,22.68175115346262,32.68162037697447,0.6234223571497269,3.31812194668698
2017,8,23,235,23.048110829118553,32.083426056227985,0.5460289507063668,0.0
2017,8,24,236,23.73806823319724,30.853095096694922,0.5910599431991027,0.0
2017,8,25,237,22.67985882569699,32.940281884389556,0.7143030868330486,0.9652215938442812
2017,8,26,238,22.714904339133533,32.29642211180402,0.7898745659375194,1.4423603315151297
2017,8,27,239,23.088710356440284,32.29938890125419,0.49286380968159577,0.5532178379545704
2017,8,28,240,22.94827565694308,30.355406421422355,0.3903597179435603,0.0
2017,8,29,241,21.765597236993443,31.392366158093218,0.4817845416892199,0.0
2017,8,30,242,22.88072110987452,34.01683806572767,0.5085986313817608,8.015391478369231
2017,8,31,243,24.516301544380262,29.488197964008975,0.5184642606865967,4.682536201154201
2017,9,1,244,23.01337136769572,31.64099378444714,0.7025100356506737,3.2894875476123207
2017,9,2,245,23.396895148504413,31.902946020097815,0.631771634320972,8.041920055253122
2017,9,3,246,22.312203730424944,29.872173255661036,0.7827279340367881,9.24804614318846
2017,9,4,247,23.778390315203968,31.1792317564035,0.7889838446094606,0.0
2017,9,5,248,23.929204530498446,31.374160036301024,0.8437101115881758,0.0
2017,9,6,249,23.34603748885709,33.34741104949445,0.7815632442520243,0.0
2017,9,7,250,22.783889379789724,32.35218191064389,0.5507828185632807,0.0
2017,9,8,251,22.829864356709166,32.632158393274054,0.811439719150788,0.0
2017,9,9,252,22.97980102483666,33.355766210759235,0.7081024470529229,0.0
2017,9,10,253,22.338505865593913,33.855076300668266,0.5294897673611995,0.0
2017,9,11,254,23.052993318318467,31.604586237624027,0.6694180989306048,1.3548111912075518
2017,9,12,255,22.618529439594308,32.657113605157036,0.6613859665134292,14.267982035506664
2017,9,13,256,23.530542047273897,31.372007441124325,0.7093637447706986,0.0
2017,9,14,257,22.925662692983536,30.266302261776445,0.8167487158677844,0.05581296769288804
2017,9,15,258,23.077788636259925,31.94584135445735,0.9161833832805121,4.738261728680968
2017,9,16,259,22.982031217835313,31.512204457211357,0.9316345726667341,0.026438175102544294
2017,9,17,260,23.671647325415158,31.519152604916478,0.9769437346431912,2.009969750267253
2017,9,18,261,23.107017439711168,31.220697369791495,0.5298938734367205,0.0078061912742157695
2017,9,19,262,23.58094750300158,32.14342335650219,0.45003538329058335,0.0
2017,9,20,263,22.903509696481738,31.997722374867102,0.38970349205893284,4.692437760894628
2017,9,21,264,24.454848128448997,31.03335057868513,0.267030709357027,0.0
2017,9,22,265,22.70734566006471,27.948907627311314,0.390996230672253,0.0
2017,9,23,266,22.597674210238292,31.416849913335483,0.5796652887511633,0.0
2017,9,24,267,22.08842086033209,33.78114455665997,0.7750632498793458,0.0
2017,9,25,268,22.922337197328044,32.96248303405148,1.0229382857481135,0.0
2017,9,26,269,23.235800367423803,31.701846432097085,0.7814506355644415,0.0
2017,9,27,270,23.802870024655586,32.09183631718384,1.0510545144175933,0.0
2017,9,28,271,22.839267043871,31.791742067606485,0.8927144370574753,16.293784976120403
2017,9,29,272,22.933195575373205,31.66418014713129,1.0079154618944797,0.0
2017,9,30,273,23.251835081350496,32.174510389550534,1.1231748594564954,0.0
2017,10,1,274,22.52800611625406,32.76863177001075,1.133578943844311,2.3619936003393827
2017,10,2,275,23.508601586981946,33.202734903618385,0.96784167542189,0.2861204682662222
2017,10,3,276,21.77303588509389,32.39078793195372,1.0390811509357087,0.0
2017,10,4,277,22.871144814276107,27.808727122637745,0.9354296666666508,0.8665496979779344
2017,10,5,278,23.536711011844694,30.579636735473763,0.7211483384397185,0.0
2017,10,6,279,23.274776283643096,32.6169188711402,0.8939189126147792,4.3002350276364405
2017,10,7,280,23.61923658650409,29.328559467679558,0.802990875716031,1.6249062009559911
2017,10,8,281,23.84313212179659,29.066819294035195,1.0218047581469905,5.944175921697861
2017,10,9,282,23.641443258421848,32.40853382840938,0.728675374654883,2.142826489777296
2017,10,10,283,23.417154255635943,31.928684767585757,0.7031518667192604,9.744545860001578
2017,10,11,284,23.948398215039596,32.388401716499864,0.7647823965074247,0.0
2017,10,12,285,23.489195846601337,32.850326434535674,1.2243451648519441,5.85593363727644
2017,10,13,286,23.123285578406083,30.49057667194013,1.1102549954146759,0.0
2017,10,14,287,22.446371205229884,27.94166426184068,0.8410591104962502,0.0
2017,10,15,288,23.329291726877024,29.35381029052771,1.0007771441386406,0.0
2017,10,16,289,23.69512708715226,30.43690449025819,0.8233342773572405,0.0
2017,10,17,290,21.733819599734748,33.25324551856354,0.8580537785798573,2.68379235775479
2017,10,18,291,23.148974946284405,34.20069314301799,0.9659242059530787,0.0
2017,10,19,292,24.514729596859524,33.80333923765026,0.9550122003537052,0.0
2017,10,20,293,23.394614681583388,30.898808128316052,0.8880273904519927,0.0
2017,10,21,294,22.377120769424177,30.724901168372668,0.9903586581816848,0.0
2017,10,22,295,22.930458266360926,31.852739272952107,0.8760954212830996,0.0
2017,10,23,296,23.683881551617606,31.618526356286825,0.8723993446705588,1.6828863267332537
2017,10,24,297,23.020068206892216,33.95876300106144,0.8493313348503574,0.0
2017,10,25,298,22.99691647691316,32.388146082529964,0.824993440843685,0.0
2017,10,26,299,22.77429494012265,34.10689341562065,0.998071519243412,8.064026140105616
2017,10,27,300,22.363314813588687,32.85368738353048,0.887292486453296,0.0
2017,10,28,301,24.614378185061888,33.649902110667696,0.5385424385389154,0.0
2017,10,29,302,23.447936788827917,31.80605711986235,1.1022534812907794,0.0
2017,10,30,303,23.239383349333654,30.9051418468391,0.666900751238916,0.0
2017,10,31,304,23.201747410033132,30.77279024711447,0.9099539775030955,0.0
2017,11,1,305,22.91270959298505,29.852221884569392,0.8222596079797652,0.11609759379372568
2017,11,2,306,23.583630846046404,30.17584398485279,0.7735772827093488,186.04538609672142
2017,11,3,307,22.91825490375305,30.71471119603917,0.8923090043561495,0.0
2017,11,4,308,23.303834316311047,25.046633844342953,0.34985763996319874,31.967955689859707
2017,11,5,309,21.386772994444666,27.961420420671253,0.6105505777248892,47.41817411345492
2017,11,6,310,23.126988910409263,23.875282507689462,0.6655158203520177,7.128579156510376
2017,11,7,311,23.01805469826094,28.533087266117942,0.7158565780729356,0.0
2017,11,8,312,22.905856273179875,32.78002634402664,0.936581661407891,5.366106997014967
2017,11,9,313,24.445126361024453,28.771164148684175,0.8729387424072551,9.43941656317612
2017,11,10,314,23.435031275509864,31.130034028249888,1.3252116868414434,5.316971092092937
2017,11,11,315,23.56393215864683,31.577874502714966,1.3255963288286154,7.896326889471911
2017,11,12,316,23.629293719021074,28.43898419427357,1.2695122725037142,0.0
2017,11,13,317,23.788261625426152,28.742432227817627,0.9827693401491036,4.085622430400284
2017,11,14,318,24.549907761063896,32.04510294423018,1.2813671580949215,3.9253818638159115
2017,11,15,319,23.234787124318608,30.925864766216083,0.8913846439140963,14.925884840934017
2017,11,16,320,23.424270000686104,34.80899968983944,0.9396470519636859,4.9721410406602224
2017,11,17,321,23.7796274121945,30.13772021431583,0.7166190052241447,22.159527612800144
2017,11,18,322,22.826168126878294,30.152499234056858,0.9860028370786595,14.408932399268373
2017,11,19,323,23.047855344346097,33.394608567286824,1.0589076305349596,5.181429106670769
2017,11,20,324,23.536032882662706,31.719999035341562,1.1107521706378456,6.579687947853923
2017,11,21,325,23.295084539821858,33.8893038893294,1.3707772081680303,17.953877001060548
2017,11,22,326,22.1122460486401,26.914064567582756,1.5728018806825124,3.1612590105379272
2017,11,23,327,23.802085304413463,28.373760478056433,1.3416241016792287,2.234861730627467
2017,11,24,328,24.198750082602906,30.38164511107885,1.2578897890000462,26.30539541423047
2017,11,25,329,23.240763288695646,29.255067109969232,1.1235211013995432,5.30361670802364
2017,11,26,330,22.68766759436618,30.935596108464587,1.7449799314910985,3.2231622323585594
2017,11,27,331,22.997527887611728,32.56690284971134,1.1645581179152524,2.7152348032857705
2017,11,28,332,24.07944238926948,28.44918272822361,1.2940061933622855,3.6659973399475256
2017,11,29,333,23.386474094139,31.926199181018514,1.4174642880624642,6.620479997579066
2017,11,30,334,23.282335817117808,32.593687600943035,1.564290472332151,0.0
2017,12,1,335,23.25411709952675,30.490757426214802,1.4661347688759248,5.222308601151724
2017,12,2,336,23.182049312444274,32.61905110458353,0.8724969393952778,0.0
2017,12,3,337,22.7659552799013,31.236787903482558,1.239237213532807,13.576816062918217
2017,12,4,338,23.042866433439382,29.41039391495548,1.0920725478339832,0.0
2017,12,5,339,22.590573660575725,32.13205354563756,1.1248409965563098,6.673026559867059
2017,12,6,340,22.823778588222712,31.733547983085852,1.0234709100277184,3.1643099422278222
2017,12,7,341,23.022824010496024,32.17600321346432,1.0306538819127133,13.51233662538719
2017,12,8,342,23.28614215147105,31.9707470460752,1.4889253803624454,3.577161861491078
2017,12,9,343,23.525068745483377,32.20377243638674,1.5780093093111902,12.184796438557196
2017,12,10,344,22.790197154840953,31.611477231402397,1.0782703326192156,0.0
2017,12,11,345,23.466536306814056,30.12724900584686,1.2263784350314848,0.26247572614624265
2017,12,12,346,23.17186228695597,31.522085624541855,0.9308583476256602,5.882051616723609
2017,12,13,347,22.712717189424644,31.913502403067138,1.1225089125209284,0.8251181595015495
2017,12,14,348,22.528566864198247,29.703769486546918,1.310929339321173,0.0
2017,12,15,349,21.87540952041706,31.92236968441633,0.6850021370641874,0.582625710038663
2017,12,16,350,22.648683027190643,31.976884783724042,0.7117229516213364,2.7973735865389737
2017,12,17,351,23.40350001864548,31.64864902831385,1.2322474281192801,8.324471304902955
2017,12,18,352,22.790500393337638,32.28050183584508,1.0887421578179728,0.0
2017,12,19,353,22.858118690928833,32.674300434528526,1.2267359916116103,0.0
2017,12,20,354,22.620505610381585,31.106904962836538,0.626557808939479,0.0
2017,12,21,355,23.83347510372095,31.721658248893238,1.0766498125066124,20.653596868845753
2017,12,22,356,23.072994683674914,31.14523370860915,0.8974339587133223,0.3252373731506878
2017,12,23,357,23.686396528864996,30.53475694486229,0.7065023077263883,0.0
2017,12,24,358,23.394267728322877,31.160681455087353,1.5585646436382057,0.0
2017,12,25,359,24.585097128150895,31.674723445814397,1.8269985414865473,0.0
2017,12,26,360,22.525786929383894,30.91344676894684,1.501211499648249,2.2886234093672
2017,12,27,361,22.61844605052515,31.08041359682037,1.155797716669943,10.445539784202628
2017,12,28,362,22.736632762850927,31.001497993299665,0.6172307352035795,1.7802265396707304
2017,12,29,363,22.929876294738488,33.12084659070564,1.1255796088377525,1.6231980965336332
2017,12,30,364,22.064002284507175,31.524692577378648,0.9351936534827696,0.0
2017,12,31,365,23.10591206166042,32.08650582261193,1.0851290791745622,0.0
2018,1,1,1,22.714656683909713,33.491618431553775,1.262432887689297,17.153148521879665
2018,1,2,2,23.17739862687133,34.878765404672386,1.2402114544598746,109.10318540288617
2018,1,3,3,21.666091417788483,32.75848639032298,0.764091163832126,5.010132724461605
2018,1,4,4,22.055657103215175,30.068175500374938,0.6677813159834729,21.873245652518232
2018,1,5,5,20.711383732452724,27.65847034157883,1.0418573725139302,0.0
2018,1,6,6,21.565689181048857,26.83626748047643,1.350081544047533,0.0
2018,1,7,7,22.023875831232843,32.06456355906602,1.4346439779457612,0.0
2018,1,8,8,22.65841709709333,29.00930297717989,1.5183726525631716,98.82890104867242
2018,1,9,9,22.42488004023275,32.60336437935158,1.0722446223789355,38.092476817669
2018,1,10,10,23.35132833375062,24.03683032712139,0.9398088614891985,11.5643845185942
2018,1,11,11,23.480881474810584,25.600626120383254,0.8577510393541361,0.0
2018,1,12,12,24.066470836078466,26.444018989091703,1.4460853892256593,58.685656219116964
2018,1,13,13,23.04816568160867,30.171444390525757,1.1294421343410677,0.0
2018,1,14,14,22.02434124311893,30.729229551983114,1.2002164033744347,0.0
2018,1,15,15,22.03227790045902,28.764411852571317,1.1367189562695965,0.0
2018,1,16,16,22.938422523767336,32.046954240143926,1.119924391284412,0.0
2018,1,17,17,23.00841402988408,26.027818019575975,0.8396345675561115,0.0
2018,1,18,18,23.327243419253954,30.87890318709323,0.798852223596103,0.0
2018,1,19,19,23.34971243837285,31.359587506605838,1.0727753155198207,54.47917880005936
2018,1,20,20,23.10136510665557,32.47503099818788,1.0995305309958825,116.08367882045482
2018,1,21,21,22.90204450046146,29.48670591081374,1.6209160671011738,0.0
2018,1,22,22,22.197514843982052,31.543556799160108,1.5716395097699394,0.0
2018,1,23,23,22.821791019681598,31.15007919084838,1.6020959348613,0.0
2018,1,24,24,22.505421771387194,31.2649080708431,1.4068259238127074,0.0
2018,1,25,25,23.397485446012414,32.59925047335891,1.6803665018870713,0.0
2018,1,26,26,22.739477285137863,32.34731373882047,0.8414192887358796,0.0
2018,1,27,27,22.734162781640173,31.235707793785032,0.356163914299264,0.0
2018,1,28,28,21.729715760183602,35.880559601458195,1.0780930963949003,0.0
2018,1,29,29,22.611102234417544,32.841540756306244,1.072033858212209,0.0
2018,1,30,30,23.753793676682456,29.64744734509425,0.9726367024920288,0.0
2018,1,31,31,23.513773702275746,30.973924757222985,1.4691726387236048,0.0
2018,2,1,32,22.885284374433827,33.251246838267065,1.0699291992690072,0.0
2018,2,2,33,22.353132606983188,31.85036117621051,1.0082603686390292,0.0
2018,2,3,34,23.0040944290552,28.68188930651773,1.2294262607952837,0.0
2018,2,4,35,23.18623498844061,32.78020313388937,1.5499996626048966,0.0
2018,2,5,36,22.226484833296823,31.214013213353283,1.2677484052146222,0.0
2018,2,6,37,23.245478863630616,33.49609916957937,1.1521543787915802,0.0
2018,2,7,38,23.849631448688267,26.746734719243108,1.1488936557791007,0.0
2018,2,8,39,24.13880028245337,31.030414922830218,1.1319241774954671,2.8910676219471116
2018,2,9,40,22.24870835504663,30.42501981938948,1.1212411941601281,0.0
2018,2,10,41,22.623824298233675,34.55561831988065,1.071141882221799,3.4615973401981086
2018,2,11,42,21.941202947881695,31.682770060352734,1.240128684457064,4.406009509958998
2018,2,12,43,22.47118937420096,35.11115139753167,0.9322361900325937,0.0
2018,2,13,44,23.156607749951682,35.262852214543734,1.2327414848032971,0.0
2018,2,14,45,22.858870847624114,30.034362612393796,1.2488889516431043,0.0
2018,2,15,46,23.515698867367792,32.420550849196815,1.011479143412605,0.0
2018,2,16,47,23.026220730827642,26.536210874499734,1.116771534388109,18.396216101797073
2018,2,17,48,23.41733340586923,31.629441318382376,0.8444345893171659,0.0
2018,2,18,49,23.091582117886183,25.94863469368417,1.1202675251001435,0.0
2018,2,19,50,18.03132804285132,22.71229534487095,1.3215858373004792,0.7559655012880083
2018,2,20,51,22.718160065608526,31.13564753338761,1.2350500254643606,0.17826165032364433
2018,2,21,52,22.956087892657933,35.4906219340172,1.3968635778406684,0.0
2018,2,22,53,23.83137573994937,31.332334434859934,0.9551604398005239,0.0
2018,2,23,54,21.457765141554013,34.59903254634428,1.0434796204483459,0.0
2018,2,24,55,22.103453977942422,33.60454553296517,1.1386960290947785,0.0
2018,2,25,56,21.86690351909046,34.75589363619994,1.0211066941203837,0.0
2018,2,26,57,21.8585200206793,34.60428709504473,1.4208877202727912,7.948870867700118
2018,2,27,58,21.808536262568115,30.052258513880137,1.4442554008770205,0.0
2018,2,28,59,22.34597689280558,32.95375147232722,1.5048898296701936,0.0
2018,3,1,60,22.50328142243621,31.378028463549725,1.2371949617646054,1.331903484553268
2018,3,2,61,22.32300675483429,32.064906760345906,1.2570326111030574,0.0
2018,3,3,62,22.110649283715773,33.131536074213294,1.140671269459694,0.0
2018,3,4,63,22.77027342891856,30.700846319186006,1.4319429914426414,0.0
2018,3,5,64,23.329876273781395,31.787911426305268,1.386713061848727,0.0
2018,3,6,65,22.6263714997248,31.351490046967257,0.9173562204615093,0.0
2018,3,7,66,23.416154986380107,32.37885188845417,1.1122216404514935,3.536476719801547
2018,3,8,67,23.27391152379679,33.41584878087085,0.7650005843335133,0.0
2018,3,9,68,22.86439951216689,33.04020483902236,0.8980100286258975,0.0
2018,3,10,69,23.71151732326302,33.07726451352897,1.0450798786089361,0.4400191322997942
2018,3,11,70,23.34038288634926,33.10641220637306,1.1707865291256152,0.0021118437157985922
2018,3,12,71,21.729864516115207,32.14162985165985,1.162641152984498,6.32078480615968
2018,3,13,72,21.53662995208073,32.569601198941186,1.3175550821662845,2.305998470077401
2018,3,14,73,23.98277312401393,31.41475317644889,1.076228493852797,2.5230287124947592
2018,3,15,74,23.680607356901366,31.417366429702064,1.1271481886593973,2.617556400705498
2018,3,16,75,21.543804075396924,32.03216445018753,1.2752589198781934,6.6890998765968535
2018,3,17,76,23.916055070816427,30.230200039925936,1.254951531543218,0.0
2018,3,18,77,23.030882479865035,32.153711487077544,1.206963998400391,0.0
2018,3,19,78,20.468806619035767,31.094462519995375,1.1963684941638346,0.0
2018,3,20,79,24.24493280170796,31.163396155793126,1.1544204025231983,0.042425215038697936
2018,3,21,80,24.4753844884419,32.68422312593215,1.2995040268597486,16.78148026562086
2018,3,22,81,21.4613173426565,31.67284990400131,1.0629319918804037,0.12267021597672818
2018,3,23,82,24.209726689322785,31.49000891563732,1.24826682333074,0.0
2018,3,24,83,23.311872077465384,32.202944998498594,0.6928638375362266,0.0
2018,3,25,84,24.327580826882006,33.48774199745036,0.9754719565005665,0.0
2018,3,26,85,21.948980522245883,33.715319017221084,1.174151860940208,0.0
2018,3,27,86,22.89417458234297,33.222303688018805,1.25187893405864,0.0
2018,3,28,87,22.653451411792688,33.33556894479481,1.1898188892193446,0.0
2018,3,29,88,23.526052339703767,32.21056155945736,1.0720719382118042,0.0
2018,3,30,89,23.106611325509416,32.89975828997594,1.0422014855131063,7.08636881543015
2018,3,31,90,23.43715891728924,33.763646512246574,1.207816667535368,0.0
2018,4,1,91,24.024711664891367,34.80280219091995,1.14380420072767,0.0
2018,4,2,92,24.09313948157932,34.00023252156893,1.1825392571819622,0.0
2018,4,3,93,22.75723117166404,32.53905729638916,1.1744404408693396,0.0
2018,4,4,94,24.107706560379118,32.460316001323655,0.9750055632516852,0.0
2018,4,5,95,24.102863773011606,32.92668866366892,0.8318789105213834,0.0
2018,4,6,96,23.082515863814585,33.897033178226295,0.9793379651198295,0.0
2018,4,7,97,23.013627385112116,31.8979591251569,0.9140270865726509,0.0
2018,4,8,98,22.968375945659034,34.53663571721111,1.0030427113669758,8.253199586500976
2018,4,9,99,23.940317980237083,33.275056379017606,1.067353392133174,0.0
2018,4,10,100,23.12402550466924,33.58052672017306,0.9515986709687653,0.0
2018,4,11,101,23.904316346594342,32.00438758229445,0.7159543709266464,0.0
2018,4,12,102,23.19979064990662,33.2712729457502,0.8409014952245152,0.0
2018,4,13,103,22.83773797700393,33.7496610015467,0.9385398792538735,0.0
2018,4,14,104,22.498025236769617,34.30470990542873,0.9526573458071153,0.0
2018,4,15,105,23.064220087289392,33.76128447180632,1.0042233597549572,18.54586500056193
2018,4,16,106,24.252791544059182,33.018486104748504,0.9573082609156442,10.262637951860485
2018,4,17,107,24.01703842514158,32.89702235769979,0.9050302501049569,0.005501525036697589
2018,4,18,108,23.610072388648927,33.632794656208844,1.0598494912781278,1.5883486648542943e-5
2018,4,19,109,23.601676754098833,35.36040999587923,1.1759462556545226,0.0
2018,4,20,110,24.049342803884528,34.96923803559105,1.1874923979805994,0.0
2018,4,21,111,23.76913602205693,32.94626938261374,0.8469089126434618,0.0
2018,4,22,112,23.847790908617334,32.79162231873476,1.217865986372584,0.7280367319601343
2018,4,23,113,23.278469867862363,31.2825887188269,1.4598651115937267,0.027339243014289687
2018,4,24,114,21.825757915144358,31.971986507358285,0.9963260925859049,0.0
2018,4,25,115,23.312496105369675,34.079348446006684,1.063846426988664,0.0
2018,4,26,116,22.937175290937077,33.52550758460706,0.9435992836918367,0.0
2018,4,27,117,23.68257932402712,32.37842272254408,1.0005627611273482,3.032862164038384
2018,4,28,118,23.69884966668481,32.384896123199944,1.3062040960174222,7.2611380745803435
2018,4,29,119,23.39120571116726,32.542978489463366,1.291748303811785,0.0
2018,4,30,120,24.40798340886588,32.43569938790213,1.376324495451089,0.0
2018,5,1,121,24.470499745931054,29.768385667026333,0.8749354731226955,0.23631717594847232
2018,5,2,122,23.426655776563752,33.27924656602309,0.878351334214444,7.455114062574862
2018,5,3,123,24.830695839663214,32.81775531065784,0.8999668924348052,0.15927567446647886
2018,5,4,124,24.757967608907986,31.25287747733523,0.9991765068127028,0.0
2018,5,5,125,25.112072352905656,32.44011406190381,0.8813741563662499,3.789064114361086
2018,5,6,126,24.378621082235966,31.117229318038124,0.7664034954549295,0.0059822851868666345
2018,5,7,127,24.76516111775858,31.89182747115238,1.0426966207037904,0.10207444512362653
2018,5,8,128,24.31039391490938,29.944067736958072,1.072117993223113,0.0
2018,5,9,129,24.366441719529263,32.70728001118743,0.9448033815455334,4.6563685036614775
2018,5,10,130,23.821626798107637,33.124935104696796,0.9754682747355945,0.7891356086177236
2018,5,11,131,23.712158270506215,30.91258187340901,0.8672544801453999,0.0
2018,5,12,132,23.865231060540115,34.14054687429676,0.9572268470900743,13.066948084650265
2018,5,13,133,23.698679276164714,34.092985943592986,0.8115837997702274,0.0
2018,5,14,134,23.86859568597685,35.014322273070505,0.8849077881079498,7.303884236347595
2018,5,15,135,24.2673440603001,31.017918817045814,0.8151416067420648,1.0648087458141762
2018,5,16,136,24.099572527199417,34.0696884583948,0.5596339065425567,0.0
2018,5,17,137,23.92881613272656,30.995749952112323,0.8831443803361676,0.9285749418134386
2018,5,18,138,23.73350896666282,33.2952361187021,0.9561307647147899,0.0
2018,5,19,139,23.994012175835458,30.4221728655575,0.9275842229830991,4.370158591467043
2018,5,20,140,23.50400284597932,33.178041444358115,0.8390187236548847,14.241538508839659
2018,5,21,141,23.72079653960315,34.08867955743871,0.8782698356082775,0.14803472793145678
2018,5,22,142,24.17915590864878,33.78516089251729,0.8626624254366163,2.4489132402185487
2018,5,23,143,23.684506033440105,33.025616796385265,0.7796140841181122,0.0
2018,5,24,144,23.311512002855327,33.076888608517756,0.4655175290737523,0.5386895008286827
2018,5,25,145,23.388652229154925,33.605758358429945,0.8046239347551503,5.614383562763182
2018,5,26,146,22.57079384405856,30.12155430988124,0.8237131706693257,0.0
2018,5,27,147,23.719773240718453,29.887605910488343,1.1536730653342024,2.6391710358165144
2018,5,28,148,23.65897277764697,33.68484265834197,0.774772841010877,0.0
2018,5,29,149,24.427384384385,30.208053831710256,0.9379279489392359,0.0
2018,5,30,150,24.196374121360055,30.90519091726461,0.6262382218172102,0.0
2018,5,31,151,24.15887082730042,31.825834101140085,0.8305689028625997,0.0
2018,6,1,152,23.79043130793348,33.43494643863575,0.5663881802969591,0.3649505009713984
2018,6,2,153,23.09979786429239,30.135735058103116,0.8082985090250394,0.0
2018,6,3,154,23.129676927939226,30.372172401395034,0.7409406537215412,0.0
2018,6,4,155,23.53074649670817,31.428521511589675,0.9293921121563157,0.0
2018,6,5,156,22.71167397401086,33.07316991586482,0.7913351725951346,0.0
2018,6,6,157,23.261564641157165,32.874046474682736,0.8472314746536708,2.009243160059358
2018,6,7,158,24.143944887191694,32.663512176070846,0.7491600262878392,0.0
2018,6,8,159,22.759662862387525,30.319113268293545,0.7877101826210555,5.545365523634828
2018,6,9,160,22.796857484764182,32.170756591155545,0.46515987838920336,1.9670055757001719
2018,6,10,161,23.37938605116082,27.84206067416364,0.8270136410770773,0.0
2018,6,11,162,23.72187629482446,29.823353238542637,0.7271720311610009,0.0
2018,6,12,163,24.290602537664473,30.548156643700345,0.7914375324214723,0.0
2018,6,13,164,23.82557237469766,31.413259866914736,0.7157197322257849,0.0
2018,6,14,165,23.5245958382019,31.719498538040153,0.6317897526535258,0.0
2018,6,15,166,22.83337848787006,28.93609094753115,0.7820987822539941,0.0
2018,6,16,167,23.057153114801945,32.38200466189774,0.738418038672769,0.0
2018,6,17,168,22.979706433246076,34.18321687821775,0.6623744044560255,0.0
2018,6,18,169,21.53222056214385,31.21967283745885,0.7265431526603641,5.451044171099775
2018,6,19,170,21.68179158852767,31.75528183049908,0.781479192214779,0.581414948628285
2018,6,20,171,21.75192833908827,29.74149645931203,1.0096222860225064,0.0
2018,6,21,172,22.073828549112154,27.036709381951866,0.8052706838927058,0.0009998567434437214
2018,6,22,173,23.04715212691905,32.27925363134261,0.8676603654541039,0.0
2018,6,23,174,22.311061525223618,29.302865232525065,0.8251610838166679,9.705462690065398
2018,6,24,175,22.499799020279127,34.174952005967015,0.6115083976200044,0.0
2018,6,25,176,22.902641558544644,32.49363997335855,0.9036625319293309,0.6584934832252601
2018,6,26,177,22.605226514661883,32.13705290947097,0.903508518224448,0.0
2018,6,27,178,22.97543278154339,32.90358956263763,0.8021028880494626,0.006694450394162716
2018,6,28,179,23.128494540627514,33.238420857765384,0.6221737610402482,7.6455427086086685
2018,6,29,180,23.116452011854946,32.6646545824415,0.8575766123930653,0.0
2018,6,30,181,22.471102764300294,33.166179941341255,0.8602262521748358,14.645842348038531
2018,7,1,182,23.705372781763074,31.02513553338117,1.0090391882900203,9.008058733315726
2018,7,2,183,23.63615380693912,32.439841284405546,0.7921820483192705,0.3250323492708831
2018,7,3,184,23.321937310270513,32.16227169571129,0.860489960100115,0.0
2018,7,4,185,21.220373843649135,30.25092087099445,0.7910775001170978,0.0
2018,7,5,186,22.793054792904925,29.648317124290383,0.44074259701812507,0.14428663041340042
2018,7,6,187,23.475437777602448,32.35641340020511,0.6388938928690722,0.00035250284590827754
2018,7,7,188,22.677965215792362,33.01923202580382,0.6729151594061841,0.0
2018,7,8,189,22.95795791358676,31.748873030064324,1.0154959333935305,0.0
2018,7,9,190,23.176878663837805,31.660086135680793,0.5332961890724752,0.0
2018,7,10,191,23.801284522149462,31.45791479227608,0.8394769098868662,0.9931806704499658
2018,7,11,192,22.928771375680345,31.011261359713977,0.8892562791346228,5.462804232612241
2018,7,12,193,22.939597544175086,31.615237290598987,0.913084804496997,19.7093684309251
2018,7,13,194,24.10367961723451,32.305650457616686,0.7108286912296944,0.0
2018,7,14,195,22.41132171453208,30.99850876342786,0.9015333389189306,0.0
2018,7,15,196,23.453002937168442,30.221490064852148,0.6446576605398759,0.7230114366908585
2018,7,16,197,23.286527623628963,31.946406310354927,0.8811697653483258,0.7767365221326245
2018,7,17,198,23.57906448323768,31.865645009705943,0.7784362764034859,0.0
2018,7,18,199,22.89342631282131,32.526591417051335,0.8341503300793148,0.0
2018,7,19,200,22.755726417712907,32.341004209419104,0.822873144305239,1.2868524464097992
2018,7,20,201,21.452222743217742,33.130772173652,0.7004482372650955,0.0
2018,7,21,202,22.259363274303148,32.60954040194679,0.5848995986933042,0.0
2018,7,22,203,23.606552813707296,30.60657551093906,0.9597442894557282,0.0
2018,7,23,204,23.840796824289068,32.63731547088102,0.751506823502897,0.0
2018,7,24,205,23.028174706739843,32.51648033478972,1.1822840966017798,0.0
2018,7,25,206,23.383178530666928,30.686946629318733,1.008611367571547,0.01957854641117199
2018,7,26,207,24.004969186452545,30.196670808215377,0.7753909273479523,0.0
2018,7,27,208,24.2305762701863,32.50838391287872,0.7508142341586327,0.0
2018,7,28,209,23.88961886570227,30.800002686472183,0.8866698299252186,1.2730791436674869
2018,7,29,210,23.444208284297297,32.13715870972426,0.6376478091090083,3.587375298628374
2018,7,30,211,23.432172865220085,31.241293036748502,0.7870494351522801,8.064016591802
2018,7,31,212,23.687795222520062,31.45138555193052,0.6194636282964432,0.0
2018,8,1,213,21.47806969041065,33.24183287306019,0.8402124319933386,4.497173913139249
2018,8,2,214,23.34266080283297,33.66075893394181,0.9563105854872944,1.1546357663313584
2018,8,3,215,24.29067141791857,33.81291227600532,0.9708220260065084,0.0
2018,8,4,216,23.44283453040046,33.09757916800424,0.8960190325532795,0.0
2018,8,5,217,22.66535482909825,31.792712231011738,0.9725290670598161,5.170949291799862
2018,8,6,218,24.234081940592876,32.98178487194369,0.9152934438394755,0.0
2018,8,7,219,22.57391004352923,33.457648226627505,0.9193335536565183,0.0
2018,8,8,220,23.67825965120854,33.431104677797045,0.9554992289157492,0.0
2018,8,9,221,23.381515564827886,31.51775616211987,0.9083702131477257,0.0
2018,8,10,222,22.810343820884416,32.782775786012934,1.0422658229507904,1.4011342199993753
2018,8,11,223,23.353221510755624,33.54256820042747,1.0074377947989366,0.0
2018,8,12,224,22.871977796425146,32.93866022481635,0.8464201645409191,0.0
2018,8,13,225,23.276783009792553,31.739452248651162,0.9099808218814357,0.0
2018,8,14,226,23.458286026149985,30.49271221473267,0.8691331018661873,0.0
2018,8,15,227,22.51497265872541,33.2272502671884,0.788847273257717,3.1235696673869
2018,8,16,228,23.328936923334485,33.19420029318866,0.8947684438189031,0.0
2018,8,17,229,22.368925652727924,28.257562545332647,0.9258672251014567,0.0
2018,8,18,230,23.123087473651772,29.35364664884268,0.7481610795313506,0.0
2018,8,19,231,23.07054457477894,32.71404935241677,0.8981808638851367,0.0
2018,8,20,232,23.811729971938,32.771833937257924,0.9360015460539344,4.554871040018773
2018,8,21,233,23.20821275349861,32.691212272121966,0.8894350715276764,0.0
2018,8,22,234,23.227254620637087,32.54092368803406,0.6110981517627436,0.23299069716676066
2018,8,23,235,22.60189172374221,33.289242490580406,0.7290800223812847,2.760795544553865
2018,8,24,236,22.78733149876432,33.29419812497597,0.8896932871204618,0.0
2018,8,25,237,23.83880520446934,33.61714200871566,0.693599696518808,0.07905669068351148
2018,8,26,238,24.306480706659684,33.84664040644157,0.6822384201021352,0.0
2018,8,27,239,23.111829678997438,31.576443198970907,0.8755070674218675,0.07497368452295086
2018,8,28,240,22.192742353000877,32.072252028988316,0.5890489449470495,0.0
2018,8,29,241,23.15294327377566,33.42915537086336,0.9099173298293188,0.0
2018,8,30,242,23.006938484324117,31.739313294400056,0.7603248144697281,0.0
2018,8,31,243,22.853259175568382,33.12127250577688,0.5966836980892377,1.159293625047585
2018,9,1,244,22.52391281949244,32.401538499427254,0.6925847066353633,0.0
2018,9,2,245,21.965080305308078,32.18413926725969,0.6559776244105265,17.174726673704335
2018,9,3,246,22.627192585675406,32.27247368444332,0.9257925389175202,0.24880231538570863
2018,9,4,247,23.230027031288845,33.179816751892055,1.0706490365791583,0.43718946743257414
2018,9,5,248,22.716763254980425,33.656712437237985,0.6130682676800528,1.7260447853429761
2018,9,6,249,23.156714144419336,32.55131486139502,0.5388997712896634,1.0359818904542537
2018,9,7,250,22.90178481232691,30.893189016568,0.9670093334933348,2.389666313306763
2018,9,8,251,22.449261059709922,32.093232272887875,0.9677866934431445,0.0
2018,9,9,252,23.24563744472181,32.90630323867467,0.9760149228372124,0.0
2018,9,10,253,21.867798225708746,32.19185571260304,1.018147846196245,0.0
2018,9,11,254,22.058821279849127,32.69034883171012,0.8783317102456085,0.0
2018,9,12,255,21.800742856751057,33.743829166935,1.053578543668891,4.558969538484573
2018,9,13,256,21.778464508286813,33.831004578315124,0.9101087450130658,0.01859105552668976
2018,9,14,257,23.24917247502034,33.52510693653719,0.9767721110721976,0.0
2018,9,15,258,22.655885702730654,33.959497399056076,0.9332061482678027,5.630791073303633
2018,9,16,259,22.742972078430874,33.58276216577778,0.9471861394326863,0.0957792007339129
2018,9,17,260,22.95189845037199,33.99529611149004,0.9591196839871694,0.0
2018,9,18,261,22.39250232548579,33.23303802619446,1.1407638709227155,0.21257665158217948
2018,9,19,262,21.54147683537668,30.639856460202992,1.125625654152966,0.0
2018,9,20,263,23.130150563135786,31.170480889622453,1.147519505024882,0.0
2018,9,21,264,22.425159750827078,31.16108248011226,1.0323062746633174,1.444556511379356
2018,9,22,265,21.992550225895677,31.34338743483714,0.8155215819440101,0.0
2018,9,23,266,23.101975524164576,34.26492110565572,1.0158221923740638,0.0
2018,9,24,267,23.00810748495999,33.49525605423909,0.9116360420733074,0.30711410360853414
2018,9,25,268,21.810049159884652,32.81466620129391,0.9657987668926988,0.0
2018,9,26,269,22.417127807755058,30.95824243939585,0.6109635004218633,0.0
2018,9,27,270,21.688103611645246,29.645145607323375,0.8807846867378304,0.0
2018,9,28,271,23.20257404364162,32.7139848327259,1.202977599796505,0.0
2018,9,29,272,22.86084117167594,32.35612643119686,0.7253424495121027,0.0
2018,9,30,273,21.591079998533672,33.58409676202865,0.9986985709247455,0.0
2018,10,1,274,23.432497148186467,33.49472711416653,1.0115076566085093,0.8026174129688244
2018,10,2,275,22.96124464134118,30.49117095512086,0.9561601304876972,0.38158315446060065
2018,10,3,276,24.148353512399666,32.23816896736657,0.7366968365505472,4.835535141465183
2018,10,4,277,23.19762207877819,33.22122791464265,0.8744165976509551,0.00016472511953323396
2018,10,5,278,22.485814923643797,33.47537723842316,1.291240233695537,1.692814039927254
2018,10,6,279,23.335033590851197,34.67875923652919,1.1487326172826127,15.45325209112069
2018,10,7,280,23.23987301245951,33.680010525538194,1.124801821641897,0.0
2018,10,8,281,22.737541278520528,32.8495886033611,0.9719452891925918,0.0
2018,10,9,282,22.619969903839422,32.417824149643934,0.9089122069626805,0.8313241621515927
2018,10,10,283,22.65631041858623,30.316230553457018,0.49852322487319345,5.067525081535226
2018,10,11,284,23.02915910765513,32.1260109141204,1.050779985307495,0.8485339444265961
2018,10,12,285,23.751274379043316,31.230798848626222,1.0946362810592702,17.53878865665044
2018,10,13,286,23.25365985373563,30.634826070951796,0.8986622416331722,0.00341300256495668
2018,10,14,287,22.782113180086682,28.18794067697438,1.1361766080569924,13.820407229392611
2018,10,15,288,23.747036764792732,31.74296213539598,1.0649716274888583,1.4522093167408296
2018,10,16,289,22.578743260080245,33.00455916501845,0.9309957070896931,0.0
2018,10,17,290,23.118196888363634,32.055803819878896,1.029738555629128,0.4607896426997029
2018,10,18,291,23.97183906940657,33.1221174172015,0.8058875635268966,0.0
2018,10,19,292,23.264879841057063,33.30389599467705,1.0749797141107913,0.0
2018,10,20,293,23.002815861122404,32.00820716665209,1.0607159823191428,0.0
2018,10,21,294,23.317893444161623,33.90595905956365,1.0522340637585637,0.0
2018,10,22,295,23.52637078047354,33.09141699167167,1.0116363238631352,5.194919095094404
2018,10,23,296,23.43199518506732,34.36271979142205,1.1392526097943831,2.4189293492629194
2018,10,24,297,23.288606574216224,35.26498426990531,0.8936632043733411,16.37134606172134
2018,10,25,298,22.85698132186453,32.089322204402905,1.0200891231488887,0.0
2018,10,26,299,23.540835402238617,33.7242808645726,0.8606294676216174,3.1654018158325057
2018,10,27,300,23.00936594997806,30.107673287838228,0.8750423476466618,0.0
2018,10,28,301,22.713816748008973,31.49994684222613,1.2383563748044593,21.366246766320657
2018,10,29,302,23.00898021269715,31.578319862129845,1.0130328162958435,0.04174259897265698
2018,10,30,303,23.629973183329525,32.47619249259199,1.0485158925869043,13.881654218764627
2018,10,31,304,23.53741249683941,32.8557333956657,1.0553216066659552,0.0
2018,11,1,305,23.360862541248846,33.78393288888757,0.9603760728680726,0.0
2018,11,2,306,23.602243172898103,30.474923487222046,1.4407268232210653,1.0395143726883078
2018,11,3,307,22.905923841451635,30.891011082954574,1.473208495135209,0.12917400522795494
2018,11,4,308,23.890458933585982,31.483466056803458,0.844029932643998,0.0
2018,11,5,309,23.213982607968273,31.810288577570052,1.2063238176296067,0.021576503178462273
2018,11,6,310,23.567380586493666,30.93188846626436,1.212380283850955,0.0
2018,11,7,311,23.386558420199595,29.611193241470087,0.8870637945172634,0.07731127815941205
2018,11,8,312,23.363505084288015,31.164058254594732,0.9947538200952253,1.0474028246066491
2018,11,9,313,23.291080898622074,31.729760036934398,1.2086137688205458,1.24767805421165
2018,11,10,314,23.52245909159905,29.003890960180776,1.0536823278663343,0.0
2018,11,11,315,23.520185946863972,32.42215933282156,0.6395471177568295,0.0
2018,11,12,316,22.933514383645818,31.450578762358116,0.9527997405614377,3.3252732385535735
2018,11,13,317,23.654795952549843,30.186335060148075,0.8734590590018635,0.0
2018,11,14,318,23.063579084473023,31.971375972055927,0.9412940444589951,0.0
2018,11,15,319,23.665421939318634,31.045371981890803,1.1250098091275706,0.0
2018,11,16,320,24.158037504193445,30.940279560321784,0.758164319673286,1.3149473641936753
2018,11,17,321,23.05242712108879,33.08301416625317,1.2705608462853915,1.3098788250015825
2018,11,18,322,22.202649235638397,34.23681406891523,0.8006523012227229,0.0
2018,11,19,323,23.007863206619028,32.282419671567794,1.0301978447190339,6.6949021145420184
2018,11,20,324,23.694326640153218,30.36919568300057,0.7126047890411782,0.0
2018,11,21,325,23.756416961292235,33.48692456701236,1.1537038341619539,6.476971906893475
2018,11,22,326,23.712853089830062,32.550275902192304,1.282483090692087,5.49992878722707
2018,11,23,327,23.5861209412489,29.968182781289475,1.2485190849374648,1.9657726218324114
2018,11,24,328,23.172340083447466,31.06511170915021,0.8873914358642166,8.247888465968552
2018,11,25,329,23.397968965048197,32.4734172122597,0.8409433216150991,9.619187038501378
2018,11,26,330,22.86445159296202,31.65270932762941,0.7555525602880299,0.0
2018,11,27,331,24.218510864457027,30.967499916214894,1.0878234844658086,1.3344608160006013
2018,11,28,332,23.57497146999177,32.013903121784345,1.5324505737662366,0.0
2018,11,29,333,23.100705772228434,32.647794406361356,1.3479454313938584,0.0
2018,11,30,334,22.850752618265627,30.91289054845085,0.8225904640126153,0.0
2018,12,1,335,22.875614502118427,31.572672114386204,1.2596835923679106,0.0
2018,12,2,336,22.895961548440958,29.892756644724805,0.9205862264377531,0.25702287254257483
2018,12,3,337,22.911391821806248,31.652304339040057,1.0604892244851591,1.7842630129419577
2018,12,4,338,23.418175043783627,31.312766754150463,1.0429981818390193,0.0
2018,12,5,339,23.135545028929283,31.268499722067475,1.041883889207673,1.8340700406170838
2018,12,6,340,23.41137671325469,31.643504378986353,0.9000757971088514,0.7126026261314352
2018,12,7,341,23.833453068257164,32.51756675053214,1.1053822083217768,0.0
2018,12,8,342,22.887658307897876,30.838802140165352,0.9632443657468965,5.56481122127577
2018,12,9,343,22.99825438342233,33.555100487373196,1.3247370787049795,2.9348706507640876
2018,12,10,344,23.252180031947848,30.468222939607145,1.211945840190931,0.0
2018,12,11,345,23.44020814660317,34.00229292772641,1.093254133257444,0.0
2018,12,12,346,23.832855873254857,33.21199123449558,0.8231493795488232,0.0
2018,12,13,347,23.6684820408216,32.615418870576775,0.948911180028015,0.0
2018,12,14,348,24.037567924632622,32.75319987958816,1.1048241924128195,0.7172094120964637
2018,12,15,349,23.19481618815907,31.71778486510563,1.3669593170201273,1.9691780898171776
2018,12,16,350,23.746685728876113,33.8447947657751,1.2837107600660456,0.0
2018,12,17,351,23.853748506134274,33.83100050394409,0.8901645530691414,0.0
2018,12,18,352,22.484514099586786,33.09167310614852,1.4055885132119579,0.0
2018,12,19,353,23.323775005081018,30.17745730136714,1.2355902019017302,1.6604064839579693
2018,12,20,354,23.276555054244255,33.372672596700156,0.8011943394917352,0.022430219863352543
2018,12,21,355,23.726411498438676,32.522893625000464,1.0072826508613872,0.6447447974180255
2018,12,22,356,23.319339587279153,30.150488828277346,0.9729236218145438,0.0
2018,12,23,357,23.787613132719592,30.95476984050223,1.0812003810518926,0.0
2018,12,24,358,23.302923396341576,32.282955542429825,0.7814802247435024,0.0
2018,12,25,359,23.391820490339246,28.970646630701165,0.8939873454178021,0.0
2018,12,26,360,22.966122981356513,28.15121705749774,0.8478495306060558,0.24631687907403052
2018,12,27,361,22.558719342986333,32.08284172202187,1.3102167867664056,9.574845965996435
2018,12,28,362,22.668296773015747,33.354231710847266,1.2281210832170284,0.0
2018,12,29,363,23.264261505531568,33.111861255859,1.3508860386416517,0.5424747892068748
2018,12,30,364,22.845406768876337,31.767602725496097,1.3931297439201205,2.3638849825193105
2018,12,31,365,23.69408949335896,31.745366216236885,1.2968122654105316,0.9611074094575852
2019,1,1,1,24.6898642656044,31.14515922882653,1.3183218259245597,6.036451672449504
2019,1,2,2,24.39436457397992,31.19788315222108,1.8635328863749583,0.0
2019,1,3,3,23.342117408620755,30.96142750334375,1.4196843882250088,10.003851425392446
2019,1,4,4,23.52211123076702,32.4303598027558,1.3965916999710988,0.595212821625421
2019,1,5,5,22.26125160223919,32.16201694513544,1.7957623243118237,0.0
2019,1,6,6,24.247484670520805,31.908952395271143,1.5842876609985148,0.0
2019,1,7,7,23.057368941851085,29.15028630099576,1.3512977120582057,2.3439243756293813
2019,1,8,8,22.77059680610397,29.891768607133518,1.9667912555658265,0.0
2019,1,9,9,22.942347143225955,32.22865790304078,1.4126023610386842,0.0
2019,1,10,10,22.723631285195186,31.212228514334434,1.758527889273447,7.866860422126101
2019,1,11,11,24.183994945263624,29.997832635103066,1.4318780446010844,0.0
2019,1,12,12,22.594453946711532,29.80672278909199,1.2330855957576539,0.0
2019,1,13,13,23.12786808920846,30.126801138681273,1.0568846689778404,0.0
2019,1,14,14,22.377793684628447,27.82821197167854,1.5313805337247948,0.02692140887358191
2019,1,15,15,23.118886332444692,29.128627736483477,1.0750482263090988,0.0
2019,1,16,16,22.982653693607933,28.3484113292617,0.9698545716074576,0.0
2019,1,17,17,23.208831520099906,28.956435099403986,1.201196866587088,0.0
2019,1,18,18,23.11343303048446,33.34703745841501,1.510887460251093,0.0
2019,1,19,19,22.938527072968455,33.4435388148534,1.1783466240243465,0.0
2019,1,20,20,22.892642377468174,32.8328920069526,1.5421176233706415,0.0
2019,1,21,21,23.211605714742298,31.58141495414788,1.401519968582431,0.8700961816738717
2019,1,22,22,22.56200487678177,31.89491358591767,1.060632685452302,0.0
2019,1,23,23,23.11363827486897,32.005412837115664,1.7132781190345967,0.0
2019,1,24,24,23.014916501623514,33.184645859065284,1.2108747508471716,2.957783834105407
2019,1,25,25,23.567497197157035,33.23918748434592,1.2900794808675766,1.434399623266134
2019,1,26,26,22.812486236986214,33.82356532024185,1.1647934289602475,0.0
2019,1,27,27,24.08627699577707,34.819537560779644,1.568757241453523,1.6789393329924058
2019,1,28,28,24.419560262008332,33.82315967967256,1.7563069302620713,0.0
2019,1,29,29,22.7492828211495,31.872563905163986,1.503765218798078,0.0
2019,1,30,30,22.49738098562257,30.234212405542948,1.8855496492399153,0.0
2019,1,31,31,23.60285284114993,32.009709459579135,2.06939484372269,0.0
2019,2,1,32,23.627394628649327,32.4743931520682,1.8283472778057186,0.0
2019,2,2,33,23.888110233687875,31.970390966477098,1.843042429364985,0.0
2019,2,3,34,24.21087930204227,33.180473100788646,1.9400712972120704,0.010257373192240871
2019,2,4,35,23.440543041341794,34.483002064993855,1.6650722742985515,4.902099840644631
2019,2,5,36,23.906198381425604,33.737177187807205,1.3411554242568962,0.0
2019,2,6,37,24.230394753243186,32.970871028926325,1.400182276001687,0.0
2019,2,7,38,24.075512533181172,33.27809350367212,1.7324438317738438,0.0
2019,2,8,39,24.76647640651995,31.523671079474862,1.858715351416625,0.0
2019,2,9,40,23.113216012527467,33.77015968105899,1.8692341316611285,0.0
2019,2,10,41,24.16176785269986,34.02425549545219,1.5891615996653543,0.0
2019,2,11,42,24.24686682586769,32.83556999594139,1.066900906216714,0.0
2019,2,12,43,23.237110131694084,34.35699989606846,1.538021129825757,0.0
2019,2,13,44,23.522961070097523,32.38607169079838,1.4291411499749855,0.0
2019,2,14,45,23.918268004892262,34.41926582184039,1.7463850178135112,0.0
2019,2,15,46,22.296179991495222,34.19887130378689,1.657606067889507,0.0
2019,2,16,47,23.88179118478689,33.71742206245836,1.5700980171804568,0.0
2019,2,17,48,23.431705226399114,34.718309057675356,1.8199486604158486,0.0
2019,2,18,49,23.432002834447395,33.20241152927765,2.0243603424643286,0.0
2019,2,19,50,22.715182104784862,32.96321214253413,2.0464544661733726,0.0650226114192984
2019,2,20,51,23.843058222479602,33.97304776637978,1.84279559421057,4.534589623456005
2019,2,21,52,24.65981388069302,32.68048313106294,1.8018753195204935,1.0207261585277545
2019,2,22,53,23.720441951130862,32.79478127032533,1.913156485791686,0.0
2019,2,23,54,24.11281881957923,33.34597771756176,1.8069581747858587,0.0
2019,2,24,55,23.750076291742605,32.913396689399406,1.158554139213315,0.0
2019,2,25,56,23.768379642812565,33.509004067594766,1.5578578336784303,0.0
2019,2,26,57,23.801559142533428,32.58645333134877,1.3975540973447627,0.0
2019,2,27,58,24.294017858327795,31.792425556029688,1.1447749609601807,0.0
2019,2,28,59,24.436816653772357,33.4494571370804,1.5771583181681068,0.0
2019,3,1,60,22.65751063947989,35.67155506644322,0.9861088980623604,1.6439287848340913
2019,3,2,61,24.038201946762044,35.515929937435246,1.2217767922706497,0.0
2019,3,3,62,23.357390205135307,34.34411966568986,1.6270804353516528,3.444624914844969
2019,3,4,63,23.0278061631817,34.665932678760356,1.493647194764647,0.0
2019,3,5,64,23.247994160271706,34.88312867033421,1.314235257088527,3.706276874208926
2019,3,6,65,23.714638273594346,34.668545778547035,1.098661972957557,1.7326096576599743
2019,3,7,66,24.11063016224295,34.75461468188696,1.3208366927410051,0.0
2019,3,8,67,24.067963515013744,33.56998612435433,1.5151102758808404,0.0
2019,3,9,68,23.853178349752127,30.945540230835295,1.3683367075750283,6.442961057798723
2019,3,10,69,23.72017444512455,33.2815519907362,1.431881271249625,1.1472821480879338
2019,3,11,70,24.008855632361666,34.89497408796552,1.5189034121255742,6.256900644710306
2019,3,12,71,23.89047190468062,34.166106448634395,1.1219438601447433,0.0
2019,3,13,72,23.982844544123253,33.70023356361317,0.8060016989282557,0.0
2019,3,14,73,23.575184871600996,34.304776312351166,1.039853224920663,4.050662226813223
2019,3,15,74,23.89739229662583,33.95378200643391,1.314221234712642,0.0
2019,3,16,75,22.854685532112903,33.68943848313932,1.4454140651753178,3.450370476529921
2019,3,17,76,24.338588809919155,34.24477615514113,1.3564562842822792,0.0
2019,3,18,77,23.93613439967178,35.46481026026389,1.4563703970265849,0.0
2019,3,19,78,24.092836041687256,33.810649988487235,0.6344365391991303,0.0
2019,3,20,79,23.98554848345365,34.41600020982208,1.0202451702045279,0.0
2019,3,21,80,24.65739324921234,33.447094393700645,1.3347506555911814,0.0
2019,3,22,81,23.694878672012308,33.945922269990106,1.4556967782824972,0.0
2019,3,23,82,23.608595616584267,34.10971580435715,1.7361385989782696,0.0
2019,3,24,83,23.53446249648385,35.45289465096464,1.6534628020445568,2.543640960549046
2019,3,25,84,24.988069259590112,33.87966775573686,1.6845525187012853,0.0
2019,3,26,85,24.46152252160646,34.631667151089665,1.7960651279151743,0.0
2019,3,27,86,23.797417127932842,33.34060528862302,1.7181451875700333,0.0
2019,3,28,87,23.326905178392785,32.88486875769222,1.436196061834471,0.0
2019,3,29,88,24.43045265644478,34.70786783094381,1.615338715563699,0.0
2019,3,30,89,24.271943694014173,35.054081784802854,1.168642925706053,0.0
2019,3,31,90,23.85880619667754,32.586846920717015,1.269973406569843,0.0
2019,4,1,91,23.427653232241706,32.85848005703516,1.1138281628581677,0.0
2019,4,2,92,23.384320504292003,34.08553077381841,1.2604614254446722,0.0
2019,4,3,93,23.915441066605183,34.71975098580549,0.9718541901431647,5.403395240525241
2019,4,4,94,24.409174391916228,34.39738631995153,0.9711297093170825,0.0
2019,4,5,95,23.360511695161808,31.865136064396253,1.099758838930152,0.0
2019,4,6,96,23.72907993879907,33.17783915409606,0.7703703384300564,0.0
2019,4,7,97,23.472506040207787,35.284311783003304,0.7758863498785245,9.3849449018259
2019,4,8,98,23.932974847088268,34.770781230117116,0.8243278303054558,0.22396588986941074
2019,4,9,99,22.682581025189926,33.87525098095739,0.6520182607395214,0.0
2019,4,10,100,24.10695061197398,32.32676912384461,1.0357433785381707,0.0
2019,4,11,101,24.30958754620165,33.88542701085392,1.0787661067080632,0.0
2019,4,12,102,23.576287936076074,34.726596923636066,0.9895777236485809,5.798387383923643
2019,4,13,103,23.370297501703753,32.94595326612824,0.9829002287003131,0.0
2019,4,14,104,24.42911054445844,33.594075394791645,0.7099095547232093,4.964673879889361
2019,4,15,105,23.03175694709318,32.91260737369566,0.7424604880875268,1.0456208732651975
2019,4,16,106,23.28222985242989,34.76159850414607,0.6692592083397852,3.813714754588234
2019,4,17,107,23.888858164130014,34.915186837187065,0.5669833329957221,0.0
2019,4,18,108,23.11760726336803,35.153723472849855,0.6718507163555135,6.925356559655789
2019,4,19,109,25.178595520470292,28.87029003149479,0.9273088018533074,0.008998424638712492
2019,4,20,110,23.03485431710631,31.270345499420728,0.8998969927331707,18.94448395513431
2019,4,21,111,24.005453011399126,34.604701095452256,0.8164052466962082,0.0
2019,4,22,112,24.468590721823123,33.99223475205581,1.0217951124586504,1.5512593194319535
2019,4,23,113,23.978997491544384,35.09662360735126,1.2207575606336292,0.11697786796344155
2019,4,24,114,23.38148621048603,34.88635746984503,1.3596620409615126,13.58476322212796
2019,4,25,115,23.861187332587495,35.28301897935042,1.1402146552108121,0.0
2019,4,26,116,24.099612215083436,34.07780464402538,1.403188200111496,6.647809345025521
2019,4,27,117,24.82597742330165,34.84247699222081,1.139821508486603,0.0
2019,4,28,118,23.919325423024144,32.53098893666212,0.9402386576098063,1.3167936127369175
2019,4,29,119,23.34796928959424,30.788718647306865,1.0799301155242444,37.70081543750576
2019,4,30,120,24.021862602628314,33.97707905253694,0.8183472593412694,0.0
2019,5,1,121,23.84318762038826,33.89133151799796,0.921393456005405,5.759038862155946
2019,5,2,122,23.690691420190607,34.14581506553646,0.867274696157275,0.0
2019,5,3,123,23.02881160213661,34.2058274324517,0.7863639130265899,0.0
2019,5,4,124,23.087550613753933,35.6249699519727,0.8272674519789707,0.0
2019,5,5,125,23.558917204658606,33.797746164457536,0.6749621876101682,0.0
2019,5,6,126,23.90495476714637,35.27159498433685,0.7746577696562468,2.010080183190149
2019,5,7,127,24.337743017073564,34.37136499193032,0.5684119107717149,7.266294166311842
2019,5,8,128,23.65528563378501,38.07940033653898,0.979329987884133,0.0
2019,5,9,129,23.53960424757542,31.945819160315697,0.9505321042604626,0.0
2019,5,10,130,23.82783643340232,34.56108334459643,1.062069793460899,0.0
2019,5,11,131,22.76880482879835,33.73567993029424,1.0856420403549407,0.0
2019,5,12,132,23.480929392441126,33.30291983386405,0.9767196712709048,0.0
2019,5,13,133,23.946516786160785,34.4977741946351,1.1274237785709997,0.724664493988637
2019,5,14,134,23.636029970582204,33.44073625592595,1.2520255139816325,1.5353253424361926
2019,5,15,135,23.265303741553122,33.959735430494604,1.0182069586668336,0.0
2019,5,16,136,23.805222063340242,34.201985630243655,0.9587759809616989,12.091489616785575
2019,5,17,137,24.436090444078832,33.91748126638021,0.792693962083218,5.526359396971419
2019,5,18,138,23.802383682934902,34.21334131140456,0.8052122072142001,0.0
2019,5,19,139,23.317808314142518,38.37973361561199,0.8821008694058162,0.0
2019,5,20,140,23.130985350470258,33.48519842086001,1.1509428443222403,0.0
2019,5,21,141,23.980368027475375,34.066169966447546,0.9711162060690772,0.056542606813438215
2019,5,22,142,23.05684248223167,33.171978707864334,1.004232744157726,0.0
2019,5,23,143,22.531165044473365,34.809111646425926,0.817518122793495,0.0
2019,5,24,144,23.863793252965998,32.90941219723533,0.7179496359104739,0.0
2019,5,25,145,22.937712499858037,34.668752837206604,0.9978362327369886,0.6215317534627942
2019,5,26,146,23.61933627973537,34.68122793279807,0.710872981331526,0.0
2019,5,27,147,24.220463482608437,37.16310239319564,0.9595719644566467,2.1502489441841712
2019,5,28,148,24.453531078718168,33.68841980647698,0.9912361019252588,2.8437501131057057
2019,5,29,149,23.248200300260017,33.12631399443864,0.9632169358388841,0.0
2019,5,30,150,23.060052466703226,36.1630914233091,0.8856416974570804,0.0
2019,5,31,151,24.479958409834406,32.56646254423136,0.7219888899913447,0.0
2019,6,1,152,22.665000704822635,33.047124396841006,0.9599426909152108,0.0019246409287772223
2019,6,2,153,23.440043332892174,33.41386715710156,0.9149218957002498,10.872740795755803
2019,6,3,154,23.726808413834995,32.58260457759607,1.1480151108443242,0.0074244730150512086
2019,6,4,155,22.870730283793627,33.59889786996088,1.0629170356398323,0.0
2019,6,5,156,22.727392277737877,31.41891188268004,1.0600339729591088,2.984166658277051
2019,6,6,157,23.377013944751457,31.515644961979852,1.1974347015136164,0.004996803392776394
2019,6,7,158,24.137546055584668,32.098556558932216,0.8678204091675262,0.2293651597830632
2019,6,8,159,22.957332521092805,29.711789191573796,0.770916955256753,0.833082279676346
2019,6,9,160,23.637973236131984,32.77000295296448,1.0716637591591096,0.010075965081740437
2019,6,10,161,23.652712507938304,32.76681965950499,1.0961555981312698,1.8535679492852373
2019,6,11,162,22.55150198422946,32.180938580813375,1.0909881508951766,0.4660079866410819
2019,6,12,163,22.45520774136246,33.36738015701277,1.0435921614317807,0.009667211080121616
2019,6,13,164,23.211812145949075,31.94880296318639,0.5655966697647244,2.5581402945555127
2019,6,14,165,24.011942412748986,26.557185938868102,0.9902875075360383,0.0
2019,6,15,166,22.892786983765077,30.809862223763396,0.9232270742135404,0.2549352051929483
2019,6,16,167,22.24012411841021,32.85371445347283,1.159723088560447,3.331405321022365
2019,6,17,168,23.112781190887485,31.68510368185027,1.1736153694689047,3.9104393005091285
2019,6,18,169,22.967414748929233,31.893636370978225,0.8306098362076872,6.635895663983331
2019,6,19,170,23.33270414868676,31.50882278786179,1.0445508524878615,1.075382002740974
2019,6,20,171,23.16785652296774,32.7990822100123,1.1523606891508953,0.19306162050765813
2019,6,21,172,23.297346386525163,32.52142003995517,1.0586854484697836,2.5772671900999033
2019,6,22,173,22.636761145236115,33.357452437268236,0.9942383424119533,9.22969246559177
2019,6,23,174,23.572758828875358,32.36843058607509,0.9679470631032115,0.2690246832533825
2019,6,24,175,23.31007257233328,28.24131265738663,1.074463394221266,0.05331453264983784
2019,6,25,176,23.631083321111298,28.933033124894205,0.9448362863466665,0.07179586487786127
2019,6,26,177,22.61320908863362,32.067896005923,1.1129918489223896,0.9120504537771282
2019,6,27,178,23.285143177138014,31.77884081627553,0.7398364664920272,0.34478510469707335
2019,6,28,179,23.342054350430427,31.789757994571946,1.0060881256648901,0.06729688694949053
2019,6,29,180,22.70389042700869,31.2778005743113,1.1387750078997763,1.5774695773606027
2019,6,30,181,24.1699576140036,33.32746024047517,1.1672902936422527,0.2472029496679421
2019,7,1,182,22.360278330382457,32.82514640784904,1.0195391938583875,1.1740638916310553
2019,7,2,183,23.33628844221232,30.160299381335218,1.1762394669301075,0.09636590262611737
2019,7,3,184,23.21762163703792,28.400664680668427,1.093653075431382,0.6441034687472574
2019,7,4,185,23.45409836558493,31.031513773407553,1.1375684023909258,1.215695083343732
2019,7,5,186,23.832326096767662,33.23215157308782,1.1406193582791273,0.0003118760419598202
2019,7,6,187,22.152855844405224,31.558519314291146,0.9835158774900298,1.2628325460955253e-5
2019,7,7,188,23.710030858535596,30.23615425275683,1.0907981820761024,2.5586019487959723e-6
2019,7,8,189,23.216450214129967,32.3647479431843,0.9753071652666775,0.017607913360736974
2019,7,9,190,22.39580710101176,30.309075036623476,0.985315433567001,0.0
2019,7,10,191,22.60488399968172,32.45071793286967,1.0870363406452281,2.1178083756420754
2019,7,11,192,23.448274473250066,30.530933904950537,1.1098992109078416,3.677918778776454
2019,7,12,193,22.480977271696563,32.602400894960674,1.0270752092432394,8.191566151645283
2019,7,13,194,22.508710679457067,32.95345740872623,1.0962801854065218,0.0
2019,7,14,195,24.24511504344563,33.316876056553234,0.934544836346701,1.2073824915040103
2019,7,15,196,21.91646446409831,32.15603225495407,1.0237019794831816,0.0
2019,7,16,197,24.58597687518237,32.248822831010756,0.9414702700709494,0.0
2019,7,17,198,22.43162867223954,33.08817551458718,0.6052055036414341,0.0157595465845176
2019,7,18,199,23.04836245320407,33.562799818261375,0.8974365368941825,0.43926354869501255
2019,7,19,200,23.521063820164862,33.12035947794193,1.1428142970355373,0.0008278157505254257
2019,7,20,201,22.312079146163125,33.564882859944184,0.812757726690165,1.3369321412644168
2019,7,21,202,22.936826978054235,33.06162240966529,0.9837784420601432,28.406557574552416
2019,7,22,203,23.062967118588116,34.08175031774415,0.9748702673204482,0.0
2019,7,23,204,23.668010071476992,33.27817528408305,0.95820171022471,0.13379743114164191
2019,7,24,205,23.24116162535113,32.31341398281896,0.8780502437330074,0.03252453302635037
2019,7,25,206,24.084129504228976,33.21232972636781,0.9651632882781166,5.736254099166936
2019,7,26,207,23.799513455388706,32.10125600357159,1.185561625980685,0.01086784053994281
2019,7,27,208,23.024214959673234,33.28388682624781,1.0677406494660395,0.3700638066901208
2019,7,28,209,23.06693970105399,32.24160734254955,0.7678393443094171,0.0038637033101862543
2019,7,29,210,23.18319845474168,32.4196150189077,1.0412308442792435,0.0
2019,7,30,211,22.313064921099183,33.15642121585917,1.0239296262038142,0.6466557149789234
2019,7,31,212,23.18615363892959,33.07368761353555,1.2038786085878461,0.0
2019,8,1,213,22.51237314677538,32.27401036200503,0.6549593945293533,0.0
2019,8,2,214,22.046221104749623,33.75281673478781,1.021012070358343,0.21886722744101894
2019,8,3,215,22.592957150677282,30.68119648778228,1.0536872489122113,9.625477966249067
2019,8,4,216,22.54574461889333,32.00255343398816,1.178287009936443,11.648989550500326
2019,8,5,217,21.379220673662417,33.07766554007656,1.1041466782295604,0.0030401230960828748
2019,8,6,218,22.34013461051292,33.198362179281446,1.1040214562551651,0.6181834428669708
2019,8,7,219,22.95364978097604,30.55385737636565,1.2570238792377348,0.1735517644456869
2019,8,8,220,21.48057607951793,32.60441282347542,0.842099833385378,0.7518168607099137
2019,8,9,221,22.212575695356392,33.033906080417765,1.099651787064569,2.698823861955387
2019,8,10,222,22.703433474739924,32.94514224005821,1.0197302805402897,0.17092037565521098
2019,8,11,223,22.403885147823743,33.09735665251097,1.2655126661167182,0.22073092774849276
2019,8,12,224,21.48774548469935,33.80373792859011,1.1169803391646824,9.477639694232808
2019,8,13,225,22.385075943514842,31.229241195368687,1.0686573711785565,0.5076997211457007
2019,8,14,226,22.00366794561465,30.43604154918639,1.1998703173802205,3.6666111089384046
2019,8,15,227,22.076292204565874,32.82446948688892,1.2411749239966166,1.3245506376487126
2019,8,16,228,22.339005077830468,32.77150858611104,1.0802444441393289,0.03295046438617917
2019,8,17,229,21.722938555798773,30.206260645653902,1.3945550322897793,0.010467078415523936
2019,8,18,230,22.167196464224507,32.62727515242317,1.2011878416012005,0.6247738397901087
2019,8,19,231,22.400365205388628,32.00805944727543,1.133981768429251,1.7102327098448609
2019,8,20,232,21.498764745658562,31.618856552944184,1.0924553164716757,1.579984100873747
2019,8,21,233,22.674299742153448,32.50614829459114,1.020779216243859,1.0319652364223575
2019,8,22,234,22.615923555944654,31.52817013758834,1.0700007413515953,1.6977749861072589
2019,8,23,235,22.58226897246543,32.634891225568104,1.0826561341670262,0.09721152648776289
2019,8,24,236,23.014862933867292,32.260115013417845,1.0068141670985882,1.2564525015070547
2019,8,25,237,22.583318837522043,33.21635082637586,1.1395835973424526,0.0
2019,8,26,238,22.772939116217202,33.222644845459484,1.020639078185038,0.0
2019,8,27,239,22.617101593728865,32.47057135194592,1.054467716129877,0.0
2019,8,28,240,22.850122056326992,33.23737042269948,1.2669359464927565,0.0023212142853232644
2019,8,29,241,22.09849029123347,33.0820374013421,0.7755749793675353,0.10663223211348045
2019,8,30,242,22.439699780678314,31.60555651077127,0.9523864890485721,0.4027170403336515
2019,8,31,243,22.626419975028067,34.20793641838793,1.1828278743037093,0.6050236179587527
2019,9,1,244,24.12268568065828,32.900652143276545,0.9916271231430879,0.0
2019,9,2,245,21.4542468832428,33.234342121359724,1.0551777868502326,0.0
2019,9,3,246,22.40860187197562,33.650161572401174,1.3144082162119148,7.451955282379747
2019,9,4,247,21.674058715439163,32.60688909285956,1.3052001501260548,1.6288048396730879
2019,9,5,248,21.897707946287046,32.710660347764495,1.1489029663307204,2.840153466037195
2019,9,6,249,23.552451264606773,33.64668717824704,1.223148653809599,20.471659114206435
2019,9,7,250,21.86141098457339,32.05277476869818,1.0235200182373436,0.5273946236579061
2019,9,8,251,22.114121158486256,33.61684194217802,0.8895811150514137,0.0
2019,9,9,252,21.43472655226852,33.4846843541401,1.096259653199222,0.0
2019,9,10,253,21.558063791979215,33.52455528375205,1.1289729440902736,0.0
2019,9,11,254,22.326276012016447,34.1354163754393,1.1191362706460648,0.0
2019,9,12,255,21.948935077053566,33.15386522510505,1.1421164377591957,0.5937278446095984
2019,9,13,256,22.045813203748594,32.27821939623433,1.3468735984444966,0.0
2019,9,14,257,21.3123200778428,32.76336715500238,0.9991222231990841,0.0
2019,9,15,258,24.123248162492544,33.87205127973881,1.0399792888067432,0.0
2019,9,16,259,21.62411316152212,34.27339603815558,1.2404275276451822,0.0
2019,9,17,260,22.317239793255553,34.043735172847505,1.1223560245513362,0.0
2019,9,18,261,22.191804072770758,33.55968860711878,1.0078463773865909,1.5027923923190663
2019,9,19,262,22.63528035822571,32.851043967807804,1.172835492030021,0.0
2019,9,20,263,21.913634969153975,32.51241063565791,1.0162260290143652,4.902521098724853
2019,9,21,264,22.941742803436128,33.59846970171723,1.0510985708901088,3.6253021763661013
2019,9,22,265,21.330663254491416,33.32403436916691,1.071579853030257,0.7117191354604889
2019,9,23,266,22.42581893211231,31.250238984367165,1.205933027475318,0.0
2019,9,24,267,22.12808665145588,32.514033275881246,1.0868381676162804,0.0
2019,9,25,268,22.53053467142016,31.63744778411264,0.7565897603199009,4.153868332171052
2019,9,26,269,22.473857056788972,31.716072400220288,0.8392124467146368,0.7308094908425754
2019,9,27,270,21.602561388263535,32.147674819254014,0.8808107688827753,0.0
2019,9,28,271,21.852311355606187,33.140614915894936,0.854714204400807,0.0
2019,9,29,272,22.982251656237665,34.081923033718766,1.0251281376296082,0.0
2019,9,30,273,22.04988896795595,33.75370092380925,0.8246007593497376,0.0
2019,10,1,274,22.3077927806703,26.617557191499934,1.124126374767307,10.02461677591056
2019,10,2,275,21.45093360746768,30.053640808673205,0.5675440704368759,8.607521435191536
2019,10,3,276,22.273655567442685,31.918949784857613,0.9677695036254956,0.0
2019,10,4,277,22.471742039035853,32.80742448819253,1.1516809873712401,0.0
2019,10,5,278,22.380675626088355,30.81905901875684,1.1761984312480243,2.638797226256882
2019,10,6,279,22.044397558062688,28.32426318553825,0.8670078053636638,15.998626068923828
2019,10,7,280,22.261612694683787,28.519744947101707,1.248971744031461,0.0
2019,10,8,281,22.287379030242917,27.69320104891552,1.5614842919767513,8.75918215369345
2019,10,9,282,21.469960957837394,31.136267124665828,0.8564159597833851,0.0
2019,10,10,283,22.48256173321445,33.640250329076714,0.828379316150666,12.527100907728656
2019,10,11,284,22.144016661565516,32.58460760020344,1.0535225101424845,0.0
2019,10,12,285,21.558010039148627,32.65110278777136,0.9867348324637758,0.0
2019,10,13,286,22.73878562145915,29.3977220800552,0.8886316762705964,8.33805620130866
2019,10,14,287,21.76035717310011,30.209024897470336,1.0136668805319784,32.31058863806948
2019,10,15,288,22.26314780891106,31.155461469705607,1.1975017919223208,75.05232806330152
2019,10,16,289,22.177564639893255,25.894008027903812,1.2539368402430688,1.712167292806104
2019,10,17,290,22.20813784328289,28.11422902747333,0.7580361218437668,3.2795588913051787
2019,10,18,291,22.34097959028097,31.323645246748136,1.4855745004525869,33.78992012518238
2019,10,19,292,22.27315237167737,30.073345388722615,0.7988131543275915,2.4057082020352953
2019,10,20,293,22.628068877436665,29.821652393855246,0.7542453709557135,2.3139366702302375
2019,10,21,294,21.526737931001573,29.847201956596496,1.1773535291691994,0.0
2019,10,22,295,21.721150599744853,30.10282736847749,0.8498418579095024,0.0
2019,10,23,296,21.660124050491014,31.10114860399364,0.9462718976440824,0.0
2019,10,24,297,22.68764812546987,33.12493263979722,1.5593341718306275,3.151247910074507
2019,10,25,298,22.31426849464291,31.716092517111964,1.5205197741111507,2.283340381507256
2019,10,26,299,22.503850874885316,30.64442969748304,1.219517013931714,13.663054774341079
2019,10,27,300,22.12718685164507,30.974672544619835,1.2744324686607853,2.534961176884541
2019,10,28,301,22.651891666493363,31.108989961426605,1.1050407617644118,0.0
2019,10,29,302,22.07642928583058,29.967270441741945,1.5122028739119804,0.0
2019,10,30,303,22.412946879848217,29.813977723279493,1.32560394578067,0.0
2019,10,31,304,21.685979426227195,32.17235935078324,0.9636810673739918,0.0
2019,11,1,305,22.559342169108454,29.79322544697763,1.024505639044962,0.0
2019,11,2,306,22.82494050638281,30.675211270423247,1.7041813585935395,0.0
2019,11,3,307,21.057940938194896,30.02647012934312,1.2663755928515856,1.980410440192352
2019,11,4,308,22.71352927153375,32.433433495164486,1.4516634237042,0.0002688283482945788
2019,11,5,309,23.444853772947805,27.996364323775815,1.6168746658985333,0.0
2019,11,6,310,22.254603255276496,28.9477873540455,1.3171450157311297,0.0
2019,11,7,311,21.815500769166718,31.886222397320154,1.0491983920589243,1.102159132267111
2019,11,8,312,22.79560762461861,28.084830294814946,1.3368651178812943,11.691480513069244
2019,11,9,313,22.951685322669732,30.38460635475799,1.1461560536436861,0.0
2019,11,10,314,22.019974529866015,32.188809884226195,1.3693217223281853,0.0
2019,11,11,315,23.165014803501474,30.04527216767215,1.1016595865775802,4.494022013994093
2019,11,12,316,21.737667019804952,32.603524399814056,1.0953849506195537,3.570402297439329
2019,11,13,317,22.629094432288507,31.38993876703055,1.0036634739596038,0.15999450517554062
2019,11,14,318,22.217249715515926,29.910188704259678,1.3432746921672694,1.3074313635477404
2019,11,15,319,22.65227700162415,32.30648760762387,1.487255614604884,0.5271439074216802
2019,11,16,320,22.942973955819447,28.646950084628056,1.2101131452381748,0.00025718325537478796
2019,11,17,321,21.86609699229317,31.0998228031335,1.3129363875329112,2.5715289803880785
2019,11,18,322,22.769335686183844,30.224111364075522,1.3878316818033567,0.0
2019,11,19,323,23.161534022537012,32.61911774841967,0.9165725922907003,0.0
2019,11,20,324,21.86461176950604,32.24508339911727,1.1174906924084091,0.0030331599910976836
2019,11,21,325,22.626218541277343,33.05723755520596,1.0137811437871784,0.0
2019,11,22,326,22.19863609690163,31.549323661035814,0.8186576858930069,1.442537055281853
2019,11,23,327,22.93496988910597,30.659375666071632,1.0782733197314405,3.3018528208517454e-5
2019,11,24,328,22.818306299191253,25.966831060444036,1.4544848918106803,3.1026095751938465
2019,11,25,329,22.811434558794033,32.44300846886512,1.1893554995319597,0.0
2019,11,26,330,22.22290472025393,32.373539130816795,0.9829201082473726,20.880081146796584
2019,11,27,331,23.11132182746926,28.96065735754257,1.1342341773060636,0.0
2019,11,28,332,21.89249137314719,33.1055703605799,1.286643000643789,7.524855533333932
2019,11,29,333,22.672143808869656,30.801639627890104,0.727192169524404,0.0
2019,11,30,334,22.433609326240212,32.49103032800139,1.2078554233688399,0.0
2019,12,1,335,22.410591881602247,30.144873033225323,1.7852623976924034,25.83440228675749
2019,12,2,336,23.61828609498329,31.44064252330388,1.7588745861999517,5.571191907925412
2019,12,3,337,23.84085633235963,30.344349602214912,2.06929882423848,26.234398586636342
2019,12,4,338,23.415664517477694,31.47327961611942,2.215033252722585,0.059514633750210814
2019,12,5,339,23.81984052020224,30.72115816236719,1.7485442267874423,65.76040770802136
2019,12,6,340,22.016285883064146,29.308620218725025,1.0204902572498655,17.578984513532262
2019,12,7,341,24.354815444491177,29.636005938074636,0.9103375666120603,12.139983817144001
2019,12,8,342,23.12581598943202,30.748886630584177,1.2450427083155826,15.947178564484101
2019,12,9,343,22.57263372526467,31.583705120837713,1.2931708364426693,15.480889588656527
2019,12,10,344,22.670384691373894,31.049251813121852,1.8116686092915268,0.0
2019,12,11,345,22.217197162052173,31.68795387939755,0.9880552506821695,0.0
2019,12,12,346,21.416720397032226,30.753898315245156,0.9816478795792956,0.0
2019,12,13,347,23.370179016184867,30.743182720374698,1.4207490800527094,0.9981047167990544
2019,12,14,348,22.79233839369774,30.06856692331606,1.4763233774990538,0.0
2019,12,15,349,21.425807219393025,29.59560293438313,1.314738512414607,6.818733139296647
2019,12,16,350,22.26914434205832,31.018417432979316,1.3085297067451596,15.289621781850467
2019,12,17,351,23.16473397684813,30.842593485254927,1.2753244908448897,9.283793926421723
2019,12,18,352,22.483684939296207,31.270176700664063,1.3523065328723045,2.009644598564327
2019,12,19,353,23.67044799960301,27.783373925614633,1.0795638614948602,0.35299623460303714
2019,12,20,354,23.375058539677823,28.362627517138105,1.0064049933657617,41.86585332240317
2019,12,21,355,22.549172562144634,29.20541086624755,1.102594827312717,1.8999608081179464
2019,12,22,356,23.579085954006846,30.622382169047498,1.4558509564613706,0.0
2019,12,23,357,22.700042461071003,26.357589018062185,1.2816215254105365,13.141992515518263
2019,12,24,358,23.0242660072789,27.94670018048553,1.3377061429434836,0.0
2019,12,25,359,21.728758100916057,30.378412324810522,0.9708375597468047,0.0
2019,12,26,360,23.333480748950667,27.593977261910503,1.1116269894056638,74.2382905727138
2019,12,27,361,22.32343115428091,22.376374387526987,1.6515930368838825,8.580909392469744
2019,12,28,362,22.678239313453922,27.09597221015702,1.2746104041057669,7.803239618347817
2019,12,29,363,23.446030795839466,29.421285841744158,1.454385683353877,34.23425755292164
2019,12,30,364,23.05428451491885,27.2085253442032,1.5597835081066365,8.919515493259977
2019,12,31,365,23.16545895753306,29.130529173887812,1.772123141437598,4.2443508316432705
